month,coef,lo,hi,post,pct,pct_lo,pct_hi
2024-01,-0.016397139039827188,-0.047702371819091906,0.014908093739437522,False,-1.6263437725948515,-4.658249122759372,1.5019773656979263
2024-02,-0.01571035817198664,-0.05915871615858512,0.027737999814611836,False,-1.5587594224354628,-5.744284176682346,2.8126279855018588
2024-03,-0.065233399958424,-0.1154352681169328,-0.015031531799915204,False,-6.31512226079467,-10.902175493000222,-1.4919122259790196
2024-04,-0.0455862365468696,-0.08805921282794274,-0.003113260265796461,False,-4.45627945861633,-8.42933464625345,-0.31084190962985536
2024-05,0.016174098158906164,-0.03473843460348902,0.06708663092130135,False,1.6305606939845507,-3.4141981744326255,6.938811623962038
2024-06,0.002919806527981572,-0.0166623261699953,0.022501939225958445,False,0.292407331478195,-1.652427741454654,2.275701751948045
2024-07,0.06327599658873834,0.011178009332556305,0.11537398384492037,False,6.532082357331959,1.1240716708949883,12.229307857822302
2024-08,0.076071927521359,0.05899879207266376,0.09314506297005423,False,7.904018405199231,6.077395940152197,9.762094787456842
2024-09,0.03062767854049836,0.018815660915136326,0.04243969616586041,False,3.110153118333514,1.8993790920281972,4.33531362820565
2024-10,0.024200270840736435,0.009352058251714007,0.03904848342975886,False,2.449547391644291,0.9395925391193272,3.9820896511451487
2024-11,0.026381827108697825,0.013783106232596196,0.03898054798479944,False,2.6732908095978614,1.3878531154559726,3.9750258215618173
2024-12,-0.0967244715698104,-0.0967244715698104,-0.0967244715698104,False,-9.219390193291154,-9.219390193291154,-9.219390193291154
2025-01,-0.0004491423985736043,-0.019701272472720854,0.018802987675573646,True,-0.04490415492256483,-1.9508470627419117,1.8980877049687317
2025-02,0.04553380110435104,-0.02603499412914223,0.11710259633784431,True,4.658637979152114,-2.569900580263118,12.423476614377037
2025-03,0.0860365207127275,-0.012473788951985976,0.18454683037744096,True,8.984612953575354,-1.239631371772687,20.26733016107638
2025-04,0.08556284644787232,-0.006770650313420945,0.17789634320916559,True,8.933001971516031,-0.6747781102838246,19.47014758952099
2025-05,0.004006578997180099,-0.04456574353921676,0.05257890153357697,True,0.40146160649412455,-4.358727993050349,5.398571988752221
2025-06,-0.03128512503649951,-0.04888182809193274,-0.013688421981066276,True,-3.080080927849582,-4.770634259189688,-1.3595161547249823
2025-07,-0.03451060113365789,-0.05758614195183906,-0.011435060315476725,True,-3.3921901890836548,-5.59594346131923,-1.1369928511696048
2025-08,0.005286635857954677,-0.010078716233581086,0.02065198794949044,True,0.5300634775490032,-1.002809617758682,2.086671589145972
2025-09,0.01958802440146895,0.0074544452817847245,0.03172160352115316,True,1.9781128533460146,0.7482298826908096,3.2230096076008685
2025-10,0.046895615197928675,0.0338737808603391,0.05991744953551825,True,4.801260678125918,3.4454030589927465,6.174889506312375
2025-11,0.04463085629484351,0.03233544779055722,0.056926264799129794,True,4.564179656962297,3.286391911961073,5.857775307448954
2025-12,-0.08334067680593618,-0.1076917522249019,-0.05898960138697046,True,-7.996234166682159,-10.209566921091485,-5.728342794903929
2026-01,0.004753422324614523,-0.011045871676540794,0.02055271632576984,True,0.47647377584201234,-1.098509003723891,2.076537782505139
2026-02,-0.0252476327362178,-0.055398657038090514,0.004903391565654919,True,-2.4931576732347915,-5.389209981096144,0.4915432863098701
2026-03,0.027032897339604914,-0.0325430095335017,0.08660880421271153,True,2.74016009869289,-3.2019183467359547,9.047000899414126
2026-04,0.011846441220410342,-0.03639603153113253,0.060088913971953206,True,1.1916888212415655,-3.574165885172109,6.193096284768007
2026-05,-0.03765996374411553,-0.1750981112279933,0.09977818373976222,True,-3.695964614190339,-16.062533534985178,10.492580038222666
2026-06,0.040895282171268865,0.00940586924305678,0.07238469509948095,True,4.1743010767311794,0.9450243448037021,7.506883823779775
2026-07,0.017441230898669086,-0.019561171001298783,0.054443632798636954,True,1.7594217295770154,-1.937109269823678,5.595295362340735
