complex_id,station_complex,display_name,borough,latitude,longitude,ridership,transfers,in_cbd,ada_accessible
232,2 Av (F),2 Av (F),Manhattan,40.7234,-73.98994,393097,7891,True,0
627,"Franklin Av (C,S)","Franklin Av (C,S)",Brooklyn,40.68099,-73.95634,118230,3387,False,1
215,"Tremont Av (B,D)","Tremont Av (B,D)",Bronx,40.85041,-73.90523,146107,13377,False,1
438,"135 St (2,3)","135 St (2,3)",Manhattan,40.814228,-73.94077,212476,2996,False,1
4,"Broadway (N,W)","Broadway (N,W)",Queens,40.76182,-73.92551,248497,4238,False,0
34,53 St (R),53 St (R),Brooklyn,40.64507,-74.01403,189463,6124,False,0
66,18 Av (D),18 Av (D),Brooklyn,40.607952,-74.00174,108194,12105,False,0
56,Ocean Pkwy (Q),Ocean Pkwy (Q),Brooklyn,40.576313,-73.9685,60323,1491,False,0
616,"Jackson Hts-Roosevelt Av/74 St-Broadway (7,E,F,M,R)","Jackson Hts-Roosevelt Av/74 St-Broadway (7,E,F,M,R)",Queens,40.746746,-73.891365,1286299,196493,False,1
220,"155 St (B,D)","155 St (B,D)",Manhattan,40.830135,-73.93821,50463,318,False,0
457,52 St (7),52 St (7),Queens,40.74415,-73.91255,93873,494,False,0
262,"67 Av (M,R)","67 Av (M,R)",Queens,40.726524,-73.85272,155493,865,False,0
345,"Crown Hts-Utica Av (3,4)","Crown Hts-Utica Av (3,4)",Brooklyn,40.668896,-73.932945,446040,74575,False,1
208,Beach 25 St (A),Beach 25 St (A),Queens,40.600067,-73.76135,27049,94,False,0
185,Liberty Av (C),Liberty Av (C),Brooklyn,40.67454,-73.896545,53608,4644,False,0
37,77 St (R),77 St (R),Brooklyn,40.62974,-74.02551,112327,3550,False,0
38,86 St (R),86 St (R),Brooklyn,40.62269,-74.0284,226248,80181,False,1
28,Union St (R),Union St (R),Brooklyn,40.677315,-73.98311,170793,919,False,0
325,Canal St (1),Canal St (1),Manhattan,40.722855,-74.00628,113305,161,True,0
225,"47-50 Sts-Rockefeller Ctr (B,D,F,M)","47-50 Sts-Rockefeller Ctr (B,D,F,M)",Manhattan,40.758663,-73.98133,1248194,6400,True,1
464,Vernon Blvd-Jackson Av (7),Vernon Blvd-Jackson Av (7),Queens,40.742626,-73.95358,408861,12715,False,0
253,Neptune Av (F),Neptune Av (F),Brooklyn,40.581013,-73.97457,27835,573,False,0
79,86 St (N),86 St (N),Brooklyn,40.59272,-73.97823,50203,6684,False,0
413,"Wall St (4,5)","Wall St (4,5)",Manhattan,40.707558,-74.01186,348887,3276,True,0
354,"Sterling St (2,5)","Sterling St (2,5)",Brooklyn,40.662743,-73.95085,111733,1356,False,0
74,18 Av (N),18 Av (N),Brooklyn,40.62067,-73.99042,115900,11664,False,0
440,"116 St (2,3)","116 St (2,3)",Manhattan,40.802097,-73.94962,167987,11125,False,0
258,"Briarwood (E,F)","Briarwood (E,F)",Queens,40.70918,-73.82057,96259,4318,False,0
433,"Jackson Av (2,5)","Jackson Av (2,5)",Bronx,40.81649,-73.90781,96591,378,False,0
357,"Beverly Rd (2,5)","Beverly Rd (2,5)",Brooklyn,40.6451,-73.94896,94414,399,False,0
101,"Marcy Av (M,J,Z)","Marcy Av (M,J,Z)",Brooklyn,40.70836,-73.957756,256286,10575,False,1
396,96 St (6),96 St (6),Manhattan,40.78567,-73.95107,326443,18126,False,0
370,Whitlock Av (6),Whitlock Av (6),Bronx,40.826527,-73.886284,29084,437,False,0
199,"Broad Channel (A,S)","Broad Channel (A,S)",Queens,40.608383,-73.815926,5987,194,False,0
294,238 St (1),238 St (1),Bronx,40.884666,-73.90087,88992,4944,False,0
146,181 St (A),181 St (A),Manhattan,40.851696,-73.937965,184562,2968,False,1
289,Bedford-Nostrand Avs (G),Bedford-Nostrand Avs (G),Brooklyn,40.68963,-73.95352,187942,11239,False,0
622,"Brooklyn Bridge-City Hall/Chambers St (4,5,6,J,Z)","Brooklyn Bridge-City Hall/Chambers St (4,5,6,J,Z)",Manhattan,40.713154,-74.00377,546581,3367,True,1
383,183 St (4),183 St (4),Bronx,40.858406,-73.90388,94897,575,False,0
340,"Grand Army Plaza (2,3)","Grand Army Plaza (2,3)",Brooklyn,40.675236,-73.97105,136842,3168,False,0
234,East Broadway (F),East Broadway (F),Manhattan,40.713715,-73.99017,347934,5548,True,0
53,Neck Rd (Q),Neck Rd (Q),Brooklyn,40.595245,-73.95516,82505,464,False,0
246,Avenue I (F),Avenue I (F),Brooklyn,40.62532,-73.97613,26793,2446,False,0
605,"168 St-Washington Hts (1,A,C)","168 St-Washington Hts (1,A,C)",Manhattan,40.840637,-73.93985,445591,6868,False,2
320,23 St (1),23 St (1),Manhattan,40.74408,-73.99566,266542,12783,True,0
268,"65 St (M,R)","65 St (M,R)",Queens,40.74967,-73.89845,76574,275,False,0
16,"8 St-NYU (R,W)","8 St-NYU (R,W)",Manhattan,40.730328,-73.99263,339830,2497,True,0
181,"Utica Av (A,C)","Utica Av (A,C)",Brooklyn,40.679363,-73.93073,291821,41400,False,1
43,Parkside Av (Q),Parkside Av (Q),Brooklyn,40.655293,-73.961494,130637,5944,False,0
126,Jefferson St (L),Jefferson St (L),Brooklyn,40.706608,-73.92291,223321,4187,False,0
418,"233 St (2,5)","233 St (2,5)",Bronx,40.893192,-73.857475,61390,5653,False,1
273,"Queens Plaza (E,F,R)","Queens Plaza (E,F,R)",Queens,40.748974,-73.93724,381833,27333,False,1
96,Kosciuszko St (J),Kosciuszko St (J),Brooklyn,40.69334,-73.92882,90825,4108,False,0
212,"Kingsbridge Rd (B,D)","Kingsbridge Rd (B,D)",Bronx,40.866978,-73.89351,100977,6265,False,1
460,33 St-Rawson St (7),33 St-Rawson St (7),Queens,40.744587,-73.931,152203,1356,False,0
89,Cleveland St (J),Cleveland St (J),Brooklyn,40.679947,-73.884636,39138,136,False,0
392,"125 St (4,5,6)","125 St (4,5,6)",Manhattan,40.80414,-73.93759,465529,39990,False,1
444,Gun Hill Rd (5),Gun Hill Rd (5),Bronx,40.869526,-73.84638,71490,9413,False,1
162,"50 St (C,E)","50 St (C,E)",Manhattan,40.762455,-73.985985,524443,4090,True,2
186,Van Siclen Av (C),Van Siclen Av (C),Brooklyn,40.67271,-73.89036,59457,183,False,0
326,Franklin St (1),Franklin St (1),Manhattan,40.71932,-74.00689,118180,231,True,0
303,157 St (1),157 St (1),Manhattan,40.83404,-73.94489,1308,41,False,0
308,Cathedral Pkwy (110 St) (1),Cathedral Pkwy (110 St) (1),Manhattan,40.803967,-73.96685,246526,4890,False,0
47,"Newkirk Plaza (B,Q)","Newkirk Plaza (B,Q)",Brooklyn,40.635082,-73.96279,191143,9887,False,0
124,Montrose Av (L),Montrose Av (L),Brooklyn,40.70774,-73.93985,164681,862,False,0
619,"Broadway-Lafayette St/Bleecker St (6,B,D,F,M)","Broadway-Lafayette St/Bleecker St (6,B,D,F,M)",Manhattan,40.725605,-73.99543,932154,5503,True,1
250,Kings Hwy (F),Kings Hwy (F),Brooklyn,40.603218,-73.97236,52936,7508,False,1
5,"36 Av (N,W)","36 Av (N,W)",Queens,40.756805,-73.92957,138054,2702,False,0
609,"42 St-Bryant Pk/5 Av (7,B,D,F,M)","42 St-Bryant Pk/5 Av (7,B,D,F,M)",Manhattan,40.75402,-73.98327,1200477,18448,True,0
141,Park Pl (S),Park Pl (S),Brooklyn,40.67477,-73.95763,36569,234,False,1
48,Avenue H (Q),Avenue H (Q),Brooklyn,40.62927,-73.96164,54545,372,False,1
279,"Sutphin Blvd-Archer Av-JFK Airport (E,J,Z)","Sutphin Blvd-Archer Av-JFK Airport (E,J,Z)",Queens,40.700485,-73.80797,637781,88910,False,1
118,3 Av (L),3 Av (L),Manhattan,40.73285,-73.98612,154746,9010,True,0
191,88 St (A),88 St (A),Queens,40.679844,-73.85147,46199,223,False,0
300,191 St (1),191 St (1),Manhattan,40.855225,-73.92941,132598,776,False,0
65,79 St (D),79 St (D),Brooklyn,40.613503,-74.00061,102677,1074,False,0
448,Mets-Willets Point (7),Mets-Willets Point (7),Queens,40.754623,-73.84563,245463,1120,False,0
265,"Grand Av-Newtown (M,R)","Grand Av-Newtown (M,R)",Queens,40.737015,-73.87722,367159,81925,False,0
155,"Cathedral Pkwy (110 St) (C,B)","Cathedral Pkwy (110 St) (C,B)",Manhattan,40.800602,-73.95816,152482,4280,False,0
379,Mosholu Pkwy (4),Mosholu Pkwy (4),Bronx,40.87975,-73.88466,127292,7584,False,1
361,Buhre Av (6),Buhre Av (6),Bronx,40.84681,-73.832565,62926,4442,False,0
216,"174-175 Sts (B,D)","174-175 Sts (B,D)",Bronx,40.8459,-73.91013,79220,468,False,0
612,"Lexington Av/51-53 Sts (6,E,F)","Lexington Av/51-53 Sts (6,E,F)",Manhattan,40.757328,-73.97049,1273824,17216,True,1
204,Beach 67 St (A),Beach 67 St (A),Queens,40.590927,-73.79692,56146,724,False,1
33,45 St (R),45 St (R),Brooklyn,40.648937,-74.01001,166435,1217,False,0
35,"59 St (N,R)","59 St (N,R)",Brooklyn,40.64136,-74.01788,258345,6255,False,1
221,21 St-Queensbridge (M),21 St-Queensbridge (M),Queens,40.754204,-73.94283,207449,40869,False,1
617,"Atlantic Av-Barclays Ctr (2,3,4,5,B,D,N,Q,R)","Atlantic Av-Barclays Ctr (2,3,4,5,B,D,N,Q,R)",Brooklyn,40.684162,-73.97779,935500,29092,False,1
452,90 St-Elmhurst Av (7),90 St-Elmhurst Av (7),Queens,40.74841,-73.87661,365336,2191,False,0
152,"135 St (C,B)","135 St (C,B)",Manhattan,40.817894,-73.94765,98991,2330,False,0
439,"125 St (2,3)","125 St (2,3)",Manhattan,40.807755,-73.945496,275481,17478,False,0
135,Livonia Av (L),Livonia Av (L),Brooklyn,40.66404,-73.90057,57705,13917,False,1
386,Mt Eden Av (4),Mt Eden Av (4),Bronx,40.844433,-73.91469,80170,371,False,0
283,Greenpoint Av (G),Greenpoint Av (G),Brooklyn,40.731354,-73.95445,230183,3560,False,1
601,"14 St/6 Av (1,2,3,L,F,M)","14 St/6 Av (1,2,3,L,F,M)",Manhattan,40.737797,-73.997734,969225,23851,True,1
69,25 Av (D),25 Av (D),Brooklyn,40.597706,-73.98683,66875,5030,False,0
311,86 St (1),86 St (1),Manhattan,40.788643,-73.97622,344971,18599,False,0
169,"Canal St (A,C,E)","Canal St (A,C,E)",Manhattan,40.720825,-74.005226,400084,1027,True,0
236,"Bergen St (F,G)","Bergen St (F,G)",Brooklyn,40.686146,-73.99086,246433,2245,False,0
80,"121 St (J,Z)","121 St (J,Z)",Queens,40.700493,-73.82829,45806,5633,False,0
298,207 St (1),207 St (1),Manhattan,40.86462,-73.91882,121573,18363,False,0
261,"Forest Hills-71 Av (E,F,M,R)","Forest Hills-71 Av (E,F,M,R)",Queens,40.72169,-73.84452,560420,114038,False,1
131,Bushwick Av-Aberdeen St (L),Bushwick Av-Aberdeen St (L),Brooklyn,40.68283,-73.90525,56524,134,False,0
110,Forest Av (M),Forest Av (M),Queens,40.704422,-73.903076,90863,7838,False,0
194,111 St (A),111 St (A),Queens,40.68433,-73.83216,32488,3861,False,0
425,"Bronx Park East (2,5)","Bronx Park East (2,5)",Bronx,40.848827,-73.868454,39288,2208,False,0
242,"Fort Hamilton Pkwy (F,G)","Fort Hamilton Pkwy (F,G)",Brooklyn,40.650784,-73.97578,114817,530,False,0
175,"Hoyt-Schermerhorn Sts (A,C,G)","Hoyt-Schermerhorn Sts (A,C,G)",Brooklyn,40.688484,-73.985,263649,3392,False,0
626,"Franklin Av-Medgar Evers College/Botanic Garden (2,3,4,5,S)","Franklin Av-Medgar Evers College/Botanic Garden (2,3,4,5,S)",Brooklyn,40.670513,-73.95869,297020,2793,False,0
365,Castle Hill Av (6),Castle Hill Av (6),Bronx,40.834255,-73.85122,95566,7729,False,0
375,Cypress Av (6),Cypress Av (6),Bronx,40.805367,-73.91404,56921,256,False,0
339,"Bergen St (2,3)","Bergen St (2,3)",Brooklyn,40.68083,-73.9751,96901,2784,False,0
403,33 St (6),33 St (6),Manhattan,40.746082,-73.98208,559040,15523,True,0
635,"Whitehall St-South Ferry (1,R,W)","Whitehall St-South Ferry (1,R,W)",Manhattan,40.702576,-74.01333,669582,89077,True,2
57,"W 8 St-NY Aquarium (F,Q)","W 8 St-NY Aquarium (F,Q)",Brooklyn,40.576126,-73.97594,81694,855,False,0
20,"City Hall (R,W)","City Hall (R,W)",Manhattan,40.713284,-74.00698,112676,679,True,0
346,Sutter Av-Rutland Rd (3),Sutter Av-Rutland Rd (3),Brooklyn,40.66472,-73.92261,111208,9164,False,0
422,"Burke Av (2,5)","Burke Av (2,5)",Bronx,40.871357,-73.867165,43312,243,False,0
276,"5 Av/53 St (E,F)","5 Av/53 St (E,F)",Manhattan,40.760166,-73.97523,410230,3851,True,0
434,"3 Av-149 St (2,5)","3 Av-149 St (2,5)",Bronx,40.81611,-73.917755,322484,36594,False,1
449,111 St (7),111 St (7),Queens,40.75173,-73.85533,322904,14592,False,0
9,"57 St-7 Av (N,Q,R,W)","57 St-7 Av (N,Q,R,W)",Manhattan,40.764664,-73.98066,753118,20045,True,1
147,175 St (A),175 St (A),Manhattan,40.84739,-73.939705,199351,4303,False,1
295,231 St (1),231 St (1),Bronx,40.878857,-73.90483,162878,32310,False,1
391,"138 St-Grand Concourse (4,5)","138 St-Grand Concourse (4,5)",Bronx,40.813225,-73.92985,78721,1486,False,0
269,"Northern Blvd (M,R)","Northern Blvd (M,R)",Queens,40.752884,-73.906006,133285,25783,False,1
14,"23 St (R,W)","23 St (R,W)",Manhattan,40.741302,-73.98934,415760,11161,True,0
164,"34 St-Penn Station (A,C,E)","34 St-Penn Station (A,C,E)",Manhattan,40.75229,-73.99339,1915345,15627,True,1
84,85 St-Forest Pkwy (J),85 St-Forest Pkwy (J),Queens,40.692436,-73.86001,67604,538,False,0
316,50 St (1),50 St (1),Manhattan,40.761726,-73.98385,532022,3415,True,0
309,103 St (1),103 St (1),Manhattan,40.799446,-73.968376,242793,2698,False,0
127,DeKalb Av (L),DeKalb Av (L),Brooklyn,40.70381,-73.91843,277950,11181,False,0
404,28 St (6),28 St (6),Manhattan,40.74307,-73.98426,402389,1901,True,2
621,"Broadway Junction (A,C,J,Z,L)","Broadway Junction (A,C,J,Z,L)",Brooklyn,40.678898,-73.90436,186560,24501,False,0
44,"Church Av (B,Q)","Church Av (B,Q)",Brooklyn,40.650528,-73.96298,284327,14930,False,1
341,"Eastern Pkwy-Brooklyn Museum (2,3)","Eastern Pkwy-Brooklyn Museum (2,3)",Brooklyn,40.671986,-73.96438,95241,378,False,1
46,Cortelyou Rd (Q),Cortelyou Rd (Q),Brooklyn,40.640926,-73.96389,119860,1016,False,0
224,57 St (M),57 St (M),Manhattan,40.763973,-73.97745,244942,4716,True,1
369,Elder Av (6),Elder Av (6),Bronx,40.828583,-73.87916,107084,626,False,0
371,Hunts Point Av (6),Hunts Point Av (6),Bronx,40.82095,-73.89055,178627,28883,False,1
103,"Bowery (J,Z)","Bowery (J,Z)",Manhattan,40.72028,-73.99391,89844,621,True,0
429,"Freeman St (2,5)","Freeman St (2,5)",Bronx,40.829994,-73.89187,77186,685,False,0
249,Avenue P (F),Avenue P (F),Brooklyn,40.608944,-73.97302,48419,217,False,0
259,"Kew Gardens-Union Tpke (E,F)","Kew Gardens-Union Tpke (E,F)",Queens,40.71444,-73.83101,448929,188753,False,1
52,Avenue U (Q),Avenue U (Q),Brooklyn,40.5993,-73.95593,132793,23451,False,0
397,"86 St (4,5,6)","86 St (4,5,6)",Manhattan,40.77949,-73.95559,888200,47132,False,2
608,"4 Av-9 St (F,G,R)","4 Av-9 St (F,G,R)",Brooklyn,40.67056,-73.989044,265017,13005,False,0
198,Howard Beach-JFK Airport (A),Howard Beach-JFK Airport (A),Queens,40.660477,-73.8303,92053,620,False,1
321,18 St (1),18 St (1),Manhattan,40.74104,-73.99787,154250,637,True,0
8,"5 Av/59 St (N,R,W)","5 Av/59 St (N,R,W)",Manhattan,40.764812,-73.97335,351942,11954,True,0
211,"Bedford Park Blvd (B,D)","Bedford Park Blvd (B,D)",Bronx,40.873245,-73.88714,124462,9534,False,1
419,"225 St (2,5)","225 St (2,5)",Bronx,40.888023,-73.860344,47689,699,False,0
97,"Myrtle Av (M,J,Z)","Myrtle Av (M,J,Z)",Brooklyn,40.69721,-73.93565,248308,9882,False,0
75,20 Av (N),20 Av (N),Brooklyn,40.61741,-73.98502,77788,492,False,0
471,34 St-Hudson Yards (7),34 St-Hudson Yards (7),Manhattan,40.755882,-74.00191,676792,3188,True,1
254,Jamaica-179 St (F),Jamaica-179 St (F),Queens,40.712646,-73.78381,341673,149534,False,1
159,"81 St-Museum of Natural History (C,B)","81 St-Museum of Natural History (C,B)",Manhattan,40.781433,-73.972145,307777,17552,False,0
123,Grand St (L),Grand St (L),Brooklyn,40.711926,-73.94067,144232,24251,False,1
290,Classon Av (G),Classon Av (G),Brooklyn,40.688873,-73.96007,113592,2473,False,0
327,"Chambers St (1,2,3)","Chambers St (1,2,3)",Manhattan,40.715477,-74.00927,290241,2740,True,1
187,Shepherd Av (C),Shepherd Av (C),Brooklyn,40.67413,-73.88075,51520,172,False,0
180,Kingston-Throop Avs (C),Kingston-Throop Avs (C),Brooklyn,40.67992,-73.94086,134439,3309,False,0
304,145 St (1),145 St (1),Manhattan,40.82655,-73.95036,1525,25,False,0
41,"7 Av (B,Q)","7 Av (B,Q)",Brooklyn,40.67705,-73.97237,198268,6066,False,0
618,"14 St/8 Av (A,C,E,L)","14 St/8 Av (A,C,E,L)",Manhattan,40.740334,-74.00214,1084566,17595,True,1
207,Beach 36 St (A),Beach 36 St (A),Queens,40.595398,-73.76817,18422,857,False,0
382,Fordham Rd (4),Fordham Rd (4),Bronx,40.862804,-73.90103,179318,17765,False,1
358,"Newkirk Av-Little Haiti (2,5)","Newkirk Av-Little Haiti (2,5)",Brooklyn,40.63997,-73.94841,127973,7622,False,0
456,61 St-Woodside (7),61 St-Woodside (7),Queens,40.74563,-73.902985,350446,24301,False,1
49,Avenue J (Q),Avenue J (Q),Brooklyn,40.62504,-73.9608,95748,14799,False,0
245,18 Av (F),18 Av (F),Brooklyn,40.629753,-73.976974,61358,5894,False,0
604,"161 St-Yankee Stadium (4,B,D)","161 St-Yankee Stadium (4,B,D)",Bronx,40.82795,-73.92574,591219,45925,False,1
200,"Beach 90 St (A,S)","Beach 90 St (A,S)",Queens,40.588036,-73.813644,31197,269,False,0
443,Baychester Av (5),Baychester Av (5),Bronx,40.878662,-73.83859,49016,1452,False,0
347,Saratoga Av (3),Saratoga Av (3),Brooklyn,40.661453,-73.91633,88091,2798,False,0
353,"President St-Medgar Evers College (2,5)","President St-Medgar Evers College (2,5)",Brooklyn,40.667885,-73.95068,64310,441,False,0
613,"Lexington Av/59 St (4,5,6,N,R,W)","Lexington Av/59 St (4,5,6,N,R,W)",Manhattan,40.762592,-73.96761,996063,126369,True,0
362,Middletown Rd (6),Middletown Rd (6),Bronx,40.843864,-73.83632,33931,270,False,0
217,"170 St (B,D)","170 St (B,D)",Bronx,40.839306,-73.9134,119396,5886,False,0
188,"Euclid Av (A,C)","Euclid Av (A,C)",Brooklyn,40.675377,-73.87211,150305,16082,False,1
614,"59 St-Columbus Circle (1,A,C,B,D)","59 St-Columbus Circle (1,A,C,B,D)",Manhattan,40.768272,-73.981834,1396413,36559,True,1
260,"75 Av (E,F)","75 Av (E,F)",Queens,40.71833,-73.837326,69029,497,False,0
218,"167 St (B,D)","167 St (B,D)",Bronx,40.83377,-73.91844,144267,7734,False,0
58,"Coney Island-Stillwell Av (D,F,N,Q)","Coney Island-Stillwell Av (D,F,N,Q)",Brooklyn,40.577423,-73.98123,376064,44437,False,1
475,96 St (Q),96 St (Q),Manhattan,40.784317,-73.94715,359494,24763,False,1
378,Woodlawn (4),Woodlawn (4),Bronx,40.886036,-73.87875,119223,45084,False,0
364,Zerega Av (6),Zerega Av (6),Bronx,40.836487,-73.84704,39742,212,False,0
1,"Astoria-Ditmars Blvd (N,W)","Astoria-Ditmars Blvd (N,W)",Queens,40.775036,-73.91203,295829,18333,False,0
205,Beach 60 St (A),Beach 60 St (A),Queens,40.592373,-73.78852,34603,514,False,0
602,"14 St-Union Sq (4,5,6,L,N,Q,R,W)","14 St-Union Sq (4,5,6,L,N,Q,R,W)",Manhattan,40.735065,-73.99042,2018118,67732,True,2
87,"Crescent St (J,Z)","Crescent St (J,Z)",Brooklyn,40.683193,-73.87379,69393,2193,False,0
297,215 St (1),215 St (1),Manhattan,40.869446,-73.915276,38881,377,False,0
237,"Carroll St (F,G)","Carroll St (F,G)",Brooklyn,40.6803,-73.99505,251195,2943,False,0
349,Junius St (3),Junius St (3),Brooklyn,40.663513,-73.90245,47384,16141,False,0
409,Spring St (6),Spring St (6),Manhattan,40.7223,-73.99714,298047,729,True,0
442,Eastchester-Dyre Av (5),Eastchester-Dyre Av (5),Bronx,40.8883,-73.83083,78223,11471,False,0
107,"Broad St (J,Z)","Broad St (J,Z)",Manhattan,40.706474,-74.011055,132595,3349,True,0
243,"Church Av (F,G)","Church Av (F,G)",Brooklyn,40.64404,-73.979675,176492,10379,False,1
376,Brook Av (6),Brook Av (6),Bronx,40.807568,-73.91924,90662,376,False,0
398,77 St (6),77 St (6),Manhattan,40.77362,-73.95988,552142,17205,False,0
329,Rector St (1),Rector St (1),Manhattan,40.70751,-74.01379,154461,7857,True,0
114,Central Av (M),Central Av (M),Brooklyn,40.697857,-73.9274,83822,862,False,0
64,71 St (D),71 St (D),Brooklyn,40.61959,-73.99886,82773,371,False,0
636,"Jay St-MetroTech (A,C,F,R)","Jay St-MetroTech (A,C,F,R)",Brooklyn,40.69226,-73.98664,671622,41347,False,1
17,"Prince St (R,W)","Prince St (R,W)",Manhattan,40.72433,-73.9977,352024,835,True,0
264,"Woodhaven Blvd (M,R)","Woodhaven Blvd (M,R)",Queens,40.733105,-73.86923,391344,88498,False,0
51,"Kings Hwy (B,Q)","Kings Hwy (B,Q)",Brooklyn,40.60867,-73.95773,360499,79485,False,1
278,"Jamaica Center-Parsons/Archer (E,J,Z)","Jamaica Center-Parsons/Archer (E,J,Z)",Queens,40.70215,-73.80111,533913,242424,False,1
30,Prospect Av (R),Prospect Av (R),Brooklyn,40.665413,-73.992874,111286,698,False,0
83,"Woodhaven Blvd (J,Z)","Woodhaven Blvd (J,Z)",Queens,40.69388,-73.85158,90470,14239,False,1
310,"96 St (1,2,3)","96 St (1,2,3)",Manhattan,40.79392,-73.97232,685250,26134,False,1
154,"116 St (C,B)","116 St (C,B)",Manhattan,40.805084,-73.95488,121529,6192,False,0
99,"Lorimer St (M,J)","Lorimer St (M,J)",Brooklyn,40.70387,-73.94741,79129,1418,False,0
133,Atlantic Av (L),Atlantic Av (L),Brooklyn,40.675346,-73.9031,53252,2054,False,0
423,"Allerton Av (2,5)","Allerton Av (2,5)",Bronx,40.865463,-73.867355,67726,4265,False,0
436,Harlem-148 St (3),Harlem-148 St (3),Manhattan,40.82388,-73.93647,54894,470,False,1
453,82 St-Jackson Hts (7),82 St-Jackson Hts (7),Queens,40.747658,-73.8837,317507,17484,False,0
149,163 St-Amsterdam Av (C),163 St-Amsterdam Av (C),Manhattan,40.836014,-73.939896,78824,795,False,0
134,Sutter Av (L),Sutter Av (L),Brooklyn,40.66937,-73.90198,56180,1335,False,0
385,176 St (4),176 St (4),Bronx,40.84848,-73.9118,98846,698,False,0
68,Bay Pkwy (D),Bay Pkwy (D),Brooklyn,40.601875,-73.99373,133760,19966,False,1
165,"23 St (C,E)","23 St (C,E)",Manhattan,40.745907,-73.99804,447559,13437,True,0
122,Graham Av (L),Graham Av (L),Brooklyn,40.714565,-73.94405,206322,7196,False,0
31,25 St (R),25 St (R),Brooklyn,40.660397,-73.99809,73995,405,False,0
620,"Borough Hall/Court St (2,3,4,5,R)","Borough Hall/Court St (2,3,4,5,R)",Brooklyn,40.69324,-73.99064,559025,13002,False,2
231,"Grand St (B,D)","Grand St (B,D)",Manhattan,40.718266,-73.99375,531319,7655,True,0
248,Avenue N (F),Avenue N (F),Brooklyn,40.61514,-73.9742,48835,2578,False,0
55,"Brighton Beach (B,Q)","Brighton Beach (B,Q)",Brooklyn,40.57762,-73.96137,241491,9795,False,0
607,"34 St-Herald Sq (B,D,F,M,N,Q,R,W)","34 St-Herald Sq (B,D,F,M,N,Q,R,W)",Manhattan,40.74964,-73.987885,2291295,33067,True,1
323,Christopher St-Stonewall (1),Christopher St-Stonewall (1),Manhattan,40.73342,-74.00291,241163,1572,True,0
282,21 St (G),21 St (G),Queens,40.744064,-73.94972,43083,3471,False,0
314,66 St-Lincoln Center (1),66 St-Lincoln Center (1),Manhattan,40.77344,-73.98221,394344,14260,False,1
129,Halsey St (L),Halsey St (L),Queens,40.695602,-73.90408,166033,6212,False,0
158,"86 St (C,B)","86 St (C,B)",Manhattan,40.78587,-73.96892,211526,19558,False,0
210,Norwood-205 St (D),Norwood-205 St (D),Bronx,40.87481,-73.87885,110658,10776,False,0
42,"Prospect Park (B,Q,S)","Prospect Park (B,Q,S)",Brooklyn,40.661613,-73.96225,211820,6967,False,1
98,"Flushing Av (M,J)","Flushing Av (M,J)",Brooklyn,40.70026,-73.941124,164904,8094,False,1
459,40 St-Lowery St (7),40 St-Lowery St (7),Queens,40.743782,-73.92402,198829,1924,False,0
277,"7 Av (E,B,D)","7 Av (E,B,D)",Manhattan,40.762863,-73.981636,408976,1761,True,0
359,"Flatbush Av-Brooklyn College (2,5)","Flatbush Av-Brooklyn College (2,5)",Brooklyn,40.632835,-73.94764,332184,83953,False,1
424,"Pelham Pkwy (2,5)","Pelham Pkwy (2,5)",Bronx,40.857193,-73.867615,117830,15705,False,1
173,"High St (A,C)","High St (A,C)",Brooklyn,40.699337,-73.99053,298971,2175,False,0
45,Beverley Rd (Q),Beverley Rd (Q),Brooklyn,40.64403,-73.96449,74295,304,False,0
197,Aqueduct-N Conduit Av (A),Aqueduct-N Conduit Av (A),Queens,40.668236,-73.83406,17067,95,False,0
39,Bay Ridge-95 St (R),Bay Ridge-95 St (R),Brooklyn,40.616623,-74.030876,112087,4353,False,1
138,Canarsie-Rockaway Pkwy (L),Canarsie-Rockaway Pkwy (L),Brooklyn,40.646652,-73.90185,260050,69426,False,1
348,Rockaway Av (3),Rockaway Av (3),Brooklyn,40.662548,-73.90894,80087,3447,False,0
291,Clinton-Washington Avs (G),Clinton-Washington Avs (G),Brooklyn,40.688087,-73.96684,114122,1366,False,0
305,137 St-City College (1),137 St-City College (1),Manhattan,40.822006,-73.953674,223309,2552,False,2
455,69 St (7),69 St (7),Queens,40.746326,-73.8964,53044,383,False,0
624,"Chambers St/WTC/Park Place/Cortlandt St (2,3,A,C,E,R,W)","Chambers St/WTC/Park Place/Cortlandt St (2,3,A,C,E,R,W)",Manhattan,40.712605,-74.00955,1272669,18457,True,2
343,Nostrand Av (3),Nostrand Av (3),Brooklyn,40.669846,-73.95046,68195,2595,False,0
381,Kingsbridge Rd (4),Kingsbridge Rd (4),Bronx,40.86776,-73.89717,141802,11885,False,0
223,"Lexington Av/63 St (M,Q)","Lexington Av/63 St (M,Q)",Manhattan,40.76463,-73.96611,315391,45701,False,1
368,Morrison Av-Soundview (6),Morrison Av-Soundview (6),Bronx,40.82952,-73.87452,105199,7026,False,0
244,Ditmas Av (F),Ditmas Av (F),Brooklyn,40.63612,-73.97817,70056,305,False,0
59,9 Av (D),9 Av (D),Brooklyn,40.646294,-73.99432,98494,3338,False,0
201,"Beach 98 St (A,S)","Beach 98 St (A,S)",Queens,40.585308,-73.82056,17937,106,False,0
603,"149 St-Grand Concourse (2,4,5)","149 St-Hostos (2,4,5)",Bronx,40.818394,-73.92703,198728,11843,False,0
270,"46 St (M,R)","46 St (M,R)",Queens,40.756313,-73.91333,170219,1965,False,0
77,Kings Hwy (N),Kings Hwy (N),Brooklyn,40.603924,-73.980354,115019,11692,False,0
416,Wakefield-241 St (2),Wakefield-241 St (2),Bronx,40.903126,-73.85062,78236,5388,False,0
179,"Nostrand Av (A,C)","Nostrand Av (A,C)",Brooklyn,40.68044,-73.950424,380384,27551,False,0
352,New Lots Av (3),New Lots Av (3),Brooklyn,40.666237,-73.88408,91495,11561,False,0
428,"174 St (2,5)","174 St (2,5)",Bronx,40.837288,-73.88773,111109,9852,False,0
255,169 St (F),169 St (F),Queens,40.71047,-73.7936,153855,18983,False,0
76,Bay Pkwy (N),Bay Pkwy (N),Brooklyn,40.611816,-73.98185,137174,13441,False,0
206,Beach 44 St (A),Beach 44 St (A),Queens,40.59294,-73.77602,12463,67,False,0
256,Parsons Blvd (F),Parsons Blvd (F),Queens,40.707565,-73.80333,131713,26640,False,0
91,"Alabama Av (J,Z)","Alabama Av (J,Z)",Brooklyn,40.67699,-73.89865,37583,9628,False,0
238,"Smith-9 Sts (F,G)","Smith-9 Sts (F,G)",Brooklyn,40.67358,-73.99596,97225,10863,False,0
372,Longwood Av (6),Longwood Av (6),Bronx,40.816105,-73.89644,55845,1685,False,0
10,"49 St (N,R,W)","49 St (N,R,W)",Manhattan,40.7599,-73.98414,702683,3258,True,2
394,110 St (6),110 St (6),Manhattan,40.79502,-73.94425,196740,1671,False,0
446,Morris Park (5),Morris Park (5),Bronx,40.854362,-73.8605,48695,143,False,0
193,104 St (A),104 St (A),Queens,40.68171,-73.837685,28089,286,False,0
337,"Nevins St (2,3,4,5)","Nevins St (2,3,4,5)",Brooklyn,40.688248,-73.98049,196738,8792,False,0
441,"110 St-Malcolm X Plaza (2,3)","110 St-Malcolm X Plaza (2,3)",Manhattan,40.799076,-73.95182,150926,7532,False,0
427,"West Farms Sq-E Tremont Av (2,5)","West Farms Sq-E Tremont Av (2,5)",Bronx,40.840294,-73.88005,106173,10562,False,0
363,Westchester Sq-E Tremont Av (6),Westchester Sq-E Tremont Av (6),Bronx,40.839893,-73.84295,78411,14834,False,1
108,Middle Village-Metropolitan Av (M),Middle Village-Metropolitan Av (M),Queens,40.711395,-73.8896,72576,21303,False,1
377,3 Av-138 St (6),3 Av-138 St (6),Bronx,40.810474,-73.92614,158485,5159,False,0
177,Clinton-Washington Avs (C),Clinton-Washington Avs (C),Brooklyn,40.68326,-73.965836,166426,1406,False,0
628,"Fulton St (2,3,4,5,A,C,J,Z)","Fulton St (2,3,4,5,A,C,J,Z)",Manhattan,40.71009,-74.007835,1804817,7080,True,1
240,"7 Av (F,G)","7 Av (F,G)",Brooklyn,40.66627,-73.98031,236737,5998,False,1
399,68 St-Hunter College (6),68 St-Hunter College (6),Manhattan,40.768143,-73.96387,404196,18090,False,1
202,"Beach 105 St (A,S)","Beach 105 St (A,S)",Queens,40.58321,-73.82756,13882,216,False,0
328,WTC Cortlandt (1),WTC Cortlandt (1),Manhattan,40.711834,-74.01219,403990,953,True,1
629,"Metropolitan Av/Lorimer St (G,L)","Metropolitan Av/Lorimer St (G,L)",Brooklyn,40.71343,-73.95084,391698,9895,False,1
351,Van Siclen Av (3),Van Siclen Av (3),Brooklyn,40.665447,-73.8894,40502,2435,False,0
615,"62 St/New Utrecht Av (D,N)","62 St/New Utrecht Av (D,N)",Brooklyn,40.625656,-73.99663,112071,2513,False,1
22,"Rector St (R,W)","Rector St (R,W)",Manhattan,40.70722,-74.01334,127254,8816,True,0
476,86 St (Q),86 St (Q),Manhattan,40.77789,-73.95179,518431,12058,False,1
437,145 St (3),145 St (3),Manhattan,40.82042,-73.93625,50092,1354,False,0
388,167 St (4),167 St (4),Bronx,40.835537,-73.9214,154191,7318,False,0
6,"39 Av-Dutch Kills (N,W)","39 Av-Dutch Kills (N,W)",Queens,40.75288,-73.932755,82821,380,False,0
137,East 105 St (L),East 105 St (L),Brooklyn,40.650574,-73.89948,54461,1286,False,0
150,155 St (C),155 St (C),Manhattan,40.830517,-73.94151,50244,1861,False,0
287,Flushing Av (G),Flushing Av (G),Brooklyn,40.70038,-73.95023,58435,1998,False,0
71,8 Av (N),8 Av (N),Brooklyn,40.635063,-74.01172,236476,9984,False,1
431,"Intervale Av (2,5)","Intervale Av (2,5)",Bronx,40.82218,-73.896736,58815,3353,False,0
189,Grant Av (A),Grant Av (A),Brooklyn,40.677044,-73.86505,100050,2604,False,0
319,28 St (1),28 St (1),Manhattan,40.747215,-73.99336,260323,707,True,0
86,Cypress Hills (J),Cypress Hills (J),Brooklyn,40.68994,-73.87255,23239,2090,False,0
407,Astor Pl (6),Astor Pl (6),Manhattan,40.730053,-73.99107,320866,3111,True,0
13,"28 St (R,W)","28 St (R,W)",Manhattan,40.745495,-73.98869,284966,1065,True,0
26,"DeKalb Av (B,Q,R)","DeKalb Av (B,Q,R)",Brooklyn,40.690636,-73.98183,482035,26681,False,1
292,Fulton St (G),Fulton St (G),Brooklyn,40.68712,-73.97537,123828,1560,False,0
144,Dyckman St (A),Dyckman St (A),Manhattan,40.86549,-73.92727,125730,1686,False,0
209,Far Rockaway-Mott Av (A),Far Rockaway-Mott Av (A),Queens,40.603996,-73.7554,95292,9503,False,1
36,Bay Ridge Av (R),Bay Ridge Av (R),Brooklyn,40.634968,-74.02338,151619,11077,False,0
380,Bedford Park Blvd-Lehman College (4),Bedford Park Blvd-Lehman College (4),Bronx,40.873413,-73.89006,78181,8303,False,0
324,Houston St (1),Houston St (1),Manhattan,40.728252,-74.00536,299633,936,True,0
610,"Grand Central-42 St (4,5,6,7,S)","Grand Central-42 St (4,5,6,7,S)",Manhattan,40.75199,-73.977356,3267012,35924,True,1
183,Rockaway Av (C),Rockaway Av (C),Brooklyn,40.67834,-73.91195,95339,3920,False,0
214,"182-183 Sts (B,D)","182-183 Sts (B,D)",Bronx,40.856094,-73.90074,80297,484,False,0
463,Hunters Point Av (7),Hunters Point Av (7),Queens,40.742214,-73.94891,86218,10863,False,0
458,46 St-Bliss St (7),46 St-Bliss St (7),Queens,40.743134,-73.918434,282443,11600,False,0
420,"219 St (2,5)","219 St (2,5)",Bronx,40.883896,-73.86263,46093,248,False,0
355,"Winthrop St (2,5)","Winthrop St (2,5)",Brooklyn,40.65665,-73.9502,161139,3457,False,0
450,103 St-Corona Plaza (7),103 St-Corona Plaza (7),Queens,40.749866,-73.8627,389184,15902,False,0
280,Jamaica-Van Wyck (E),Jamaica-Van Wyck (E),Queens,40.702564,-73.81686,92552,2720,False,1
82,"104 St (J,Z)","104 St (J,Z)",Queens,40.69518,-73.84433,51983,423,False,0
113,Knickerbocker Av (M),Knickerbocker Av (M),Brooklyn,40.698666,-73.91971,86349,1138,False,0
313,"72 St (1,2,3)","72 St (1,2,3)",Manhattan,40.778454,-73.98197,769797,18191,False,1
67,20 Av (D),20 Av (D),Brooklyn,40.604557,-73.99817,92668,2015,False,0
167,"W 4 St-Wash Sq (A,C,E,B,D,F,M)","W 4 St-Wash Sq (A,C,E,B,D,F,M)",Manhattan,40.732338,-74.000496,1074787,6847,True,1
606,"Court Sq-23 St (7,E,F,G)","Court Sq-23 St (7,E,F,G)",Queens,40.747143,-73.94503,592016,32050,False,2
296,Marble Hill-225 St (1),Marble Hill-225 St (1),Manhattan,40.87456,-73.90983,87596,6789,False,0
263,"63 Dr-Rego Park (M,R)","63 Dr-Rego Park (M,R)",Queens,40.729847,-73.8616,272674,14383,False,0
228,"23 St (F,M)","23 St (F,M)",Manhattan,40.742878,-73.99282,576862,11862,True,0
461,"Queensboro Plaza (7,N,W)","Queensboro Plaza (7,N,W)",Queens,40.750584,-73.9402,316680,20544,False,1
384,Burnside Av (4),Burnside Av (4),Bronx,40.853455,-73.907684,120647,7228,False,0
247,Bay Pkwy (F),Bay Pkwy (F),Brooklyn,40.62077,-73.975266,20377,10731,False,0
356,"Church Av (2,5)","Church Av (2,5)",Brooklyn,40.650845,-73.94958,180148,12247,False,1
50,Avenue M (Q),Avenue M (Q),Brooklyn,40.61762,-73.9594,94968,5405,False,0
196,Aqueduct Racetrack (A),Aqueduct Racetrack (A),Queens,40.672096,-73.83592,19449,126,False,1
32,"36 St (D,N,R)","36 St (D,N,R)",Brooklyn,40.655144,-74.00355,351692,21020,False,0
344,Kingston Av (3),Kingston Av (3),Brooklyn,40.6694,-73.94216,79389,1281,False,0
213,"Fordham Rd (B,D)","Fordham Rd (B,D)",Bronx,40.861298,-73.89775,152057,9702,False,0
72,Fort Hamilton Pkwy (N),Fort Hamilton Pkwy (N),Brooklyn,40.631386,-74.00535,125643,3999,False,0
3,"30 Av (N,W)","30 Av (N,W)",Queens,40.76678,-73.92148,277406,12926,False,0
120,Bedford Av (L),Bedford Av (L),Brooklyn,40.717304,-73.95687,854759,9417,False,1
252,Avenue X (F),Avenue X (F),Brooklyn,40.58962,-73.97425,46335,4026,False,0
153,"125 St (A,C,B,D)","125 St (A,C,B,D)",Manhattan,40.811108,-73.95235,546813,38196,False,1
62,55 St (D),55 St (D),Brooklyn,40.631435,-73.995476,32514,862,False,0
257,Sutphin Blvd (F),Sutphin Blvd (F),Queens,40.70546,-73.81071,81451,4084,False,0
192,Rockaway Blvd (A),Rockaway Blvd (A),Queens,40.680428,-73.84386,113980,32635,False,1
251,Avenue U (F),Avenue U (F),Brooklyn,40.59606,-73.97336,35909,5153,False,0
54,"Sheepshead Bay (B,Q)","Sheepshead Bay (B,Q)",Brooklyn,40.586895,-73.954155,238987,30750,False,1
367,St Lawrence Av (6),St Lawrence Av (6),Bronx,40.83151,-73.867615,72760,474,False,0
222,Roosevelt Island (M),Roosevelt Island (M),Manhattan,40.759144,-73.95326,186764,12941,False,1
373,E 149 St (6),E 149 St (6),Bronx,40.81212,-73.9041,74478,2658,False,1
100,"Hewes St (M,J)","Hewes St (M,J)",Brooklyn,40.70687,-73.95343,51562,268,False,0
395,103 St (6),103 St (6),Manhattan,40.7906,-73.94748,230646,2210,False,0
61,50 St (D),50 St (D),Brooklyn,40.63626,-73.99479,61180,4219,False,0
336,"Hoyt St (2,3)","Hoyt St (2,3)",Brooklyn,40.690544,-73.98506,138367,6370,False,2
445,Pelham Pkwy (5),Pelham Pkwy (5),Bronx,40.858986,-73.85536,53350,4292,False,0
78,Avenue U (N),Avenue U (N),Brooklyn,40.597473,-73.97913,80884,14286,False,0
432,"Prospect Av (2,5)","Prospect Av (2,5)",Bronx,40.819584,-73.90177,111048,5587,False,0
93,"Chauncey St (J,Z)","Chauncey St (J,Z)",Brooklyn,40.68289,-73.91045,45744,1366,False,0
293,Van Cortlandt Park-242 St (1),Van Cortlandt Park-242 St (1),Bronx,40.889248,-73.89858,115156,34058,False,0
143,Inwood-207 St (A),Inwood-207 St (A),Manhattan,40.868073,-73.9199,165250,18133,False,1
145,190 St (A),190 St (A),Manhattan,40.85902,-73.93418,81214,837,False,0
271,"Steinway St (M,R)","Steinway St (M,R)",Queens,40.756878,-73.92074,243735,12300,False,0
393,116 St (6),116 St (6),Manhattan,40.79863,-73.94162,233755,14041,False,0
157,"96 St (C,B)","96 St (C,B)",Manhattan,40.79164,-73.9647,189839,30237,False,0
288,Myrtle-Willoughby Avs (G),Myrtle-Willoughby Avs (G),Brooklyn,40.69457,-73.94904,95737,3222,False,0
414,"Bowling Green (4,5)","Bowling Green (4,5)",Manhattan,40.70482,-74.01407,482867,60217,True,1
182,Ralph Av (C),Ralph Av (C),Brooklyn,40.67882,-73.920784,112947,5658,False,0
306,125 St (1),125 St (1),Manhattan,40.815582,-73.958374,159696,4421,False,0
430,"Simpson St (2,5)","Simpson St (2,5)",Bronx,40.824074,-73.89307,125381,17074,False,1
125,Morgan Av (L),Morgan Av (L),Brooklyn,40.706154,-73.93314,176515,2319,False,0
272,"36 St (M,R)","36 St (M,R)",Queens,40.75204,-73.92878,84903,925,False,0
623,"Canal St (6,J,Z,N,Q,R,W)","Canal St (6,J,Z,N,Q,R,W)",Manhattan,40.7187,-74.00058,1069903,4428,True,2
301,181 St (1),181 St (1),Manhattan,40.849506,-73.93359,196953,24376,False,0
318,"34 St-Penn Station (1,2,3)","34 St-Penn Station (1,2,3)",Manhattan,40.750374,-73.99106,1541155,21538,True,1
81,111 St (J),111 St (J),Queens,40.69742,-73.83634,47054,3033,False,0
130,Wilson Av (L),Wilson Av (L),Brooklyn,40.688763,-73.904045,103506,1758,False,2
156,"103 St (C,B)","103 St (C,B)",Manhattan,40.796093,-73.96146,96191,539,False,0
421,"Gun Hill Rd (2,5)","Gun Hill Rd (2,5)",Bronx,40.87785,-73.86626,100227,11935,False,1
426,"E 180 St (2,5)","E 180 St (2,5)",Bronx,40.841892,-73.87349,162707,27164,False,1
176,Lafayette Av (C),Lafayette Av (C),Brooklyn,40.68611,-73.973946,116461,1510,False,0
241,"15 St-Prospect Park (F,G)","15 St-Prospect Park (F,G)",Brooklyn,40.660366,-73.97949,120382,3332,False,0
417,"Nereid Av (2,5)","Nereid Av (2,5)",Bronx,40.89838,-73.85438,47551,7573,False,0
333,"Wall St (2,3)","Wall St (2,3)",Manhattan,40.70682,-74.0091,381245,1302,True,0
387,170 St (4),170 St (4),Bronx,40.840076,-73.91779,124522,9464,False,1
136,New Lots Av (L),New Lots Av (L),Brooklyn,40.658733,-73.89923,79482,10229,False,0
94,Halsey St (J),Halsey St (J),Brooklyn,40.68637,-73.91656,104574,3214,False,0
190,80 St (A),80 St (A),Queens,40.67937,-73.85899,90339,1878,False,0
70,Bay 50 St (D),Bay 50 St (D),Brooklyn,40.58884,-73.983765,44559,351,False,0
119,1 Av (L),1 Av (L),Manhattan,40.730953,-73.98163,614079,20847,True,1
630,"Myrtle-Wyckoff Avs (M,L)","Myrtle-Wyckoff Avs (M,L)",Brooklyn,40.699623,-73.91199,469105,52414,False,1
168,"Spring St (C,E)","Spring St (C,E)",Manhattan,40.726227,-74.00374,354687,711,True,2
447,Flushing-Main St (7),Flushing-Main St (7),Queens,40.7596,-73.83003,1281303,486534,False,1
266,"Elmhurst Av (M,R)","Elmhurst Av (M,R)",Queens,40.742455,-73.88202,269041,2208,False,0
160,"72 St (C,B)","72 St (C,B)",Manhattan,40.775593,-73.97641,236471,6719,False,0
477,72 St (Q),72 St (Q),Manhattan,40.7688,-73.95843,612406,6996,False,1
366,Parkchester (6),Parkchester (6),Bronx,40.833225,-73.86082,235429,22528,False,1
307,116 St-Columbia University (1),116 St-Columbia University (1),Manhattan,40.80772,-73.96411,246644,3813,False,0
60,Fort Hamilton Pkwy (D),Fort Hamilton Pkwy (D),Brooklyn,40.640915,-73.9943,77286,364,False,0
203,"Rockaway Park-Beach 116 St (A,S)","Rockaway Park-Beach 116 St (A,S)",Queens,40.580902,-73.835594,24049,2410,False,1
284,Nassau Av (G),Nassau Av (G),Brooklyn,40.724636,-73.95128,214290,3893,False,0
312,79 St (1),79 St (1),Manhattan,40.783936,-73.97992,318257,14057,False,0
85,"75 St-Elderts Ln (J,Z)","75 St-Elderts Ln (J,Z)",Queens,40.691322,-73.86714,57427,439,False,0
299,Dyckman St (1),Dyckman St (1),Manhattan,40.86053,-73.92554,125227,1302,False,1
235,York St (F),York St (F),Brooklyn,40.701397,-73.98675,375574,3293,False,0
350,Pennsylvania Av (3),Pennsylvania Av (3),Brooklyn,40.664635,-73.8949,59599,6467,False,0
405,23 St-Baruch College (6),23 St-Baruch College (6),Manhattan,40.739864,-73.9866,474366,20023,True,1
2,"Astoria Blvd (N,W)","Astoria Blvd (N,W)",Queens,40.77026,-73.91785,215850,15311,False,1
625,"Delancey St-Essex St (F,M,J,Z)","Delancey St-Essex St (F,M,J,Z)",Manhattan,40.718464,-73.98778,680927,16915,True,0
360,Pelham Bay Park (6),Pelham Bay Park (6),Bronx,40.852463,-73.82812,101273,34423,False,1
611,"Times Sq-42 St/Port Authority Bus Terminal (1,2,3,7,A,C,E,N,Q,R,W,S)","Times Sq-42 St/Port Authority Bus Terminal (1,2,3,7,A,C,E,N,Q,R,W,S)",Manhattan,40.755745,-73.98758,4260282,47929,True,1
195,Ozone Park-Lefferts Blvd (A),Ozone Park-Lefferts Blvd (A),Queens,40.68595,-73.8258,97301,19491,False,1
109,Fresh Pond Rd (M),Fresh Pond Rd (M),Queens,40.706184,-73.895874,112080,5803,False,0
374,E 143 St-St Mary's St (6),E 143 St-St Mary's St (6),Bronx,40.80872,-73.90765,28183,38,False,0
451,Junction Blvd (7),Junction Blvd (7),Queens,40.749146,-73.86953,544455,20124,False,1
151,"145 St (A,C,B,D)","145 St (A,C,B,D)",Manhattan,40.824783,-73.944214,425127,9761,False,0
