complex_id,avg_monthly_ridership_pre,avg_monthly_ridership_post,pct_change,station_complex,display_name,borough,latitude,longitude,in_cbd
1,284863.1666666667,303237.6666666667,6.450289876016496,"Astoria-Ditmars Blvd (N,W)","Astoria-Ditmars Blvd (N,W)",Queens,40.775036,-73.91203,False
2,209112.33333333334,219774.83333333334,5.09893406574138,"Astoria Blvd (N,W)","Astoria Blvd (N,W)",Queens,40.77026,-73.91785,False
3,263084.25,280898.1111111111,6.771162131944852,"30 Av (N,W)","30 Av (N,W)",Queens,40.76678,-73.92148,False
4,239717.66666666666,252995.27777777778,5.538853809041105,"Broadway (N,W)","Broadway (N,W)",Queens,40.76182,-73.92551,False
5,128523.16666666667,137925.11111111112,7.3153694297223595,"36 Av (N,W)","36 Av (N,W)",Queens,40.756805,-73.92957,False
6,73375.66666666667,81508.61111111111,11.083980308337148,"39 Av-Dutch Kills (N,W)","39 Av-Dutch Kills (N,W)",Queens,40.75288,-73.932755,False
8,318684.4166666667,323165.3333333333,1.4060670783766367,"5 Av/59 St (N,R,W)","5 Av/59 St (N,R,W)",Manhattan,40.764812,-73.97335,True
9,698929.5,741620.1111111111,6.107999606700122,"57 St-7 Av (N,Q,R,W)","57 St-7 Av (N,Q,R,W)",Manhattan,40.764664,-73.98066,True
10,552805.25,631982.8888888889,14.322881139223782,"49 St (N,R,W)","49 St (N,R,W)",Manhattan,40.7599,-73.98414,True
13,248867.91666666666,276088.1666666667,10.937629231034547,"28 St (R,W)","28 St (R,W)",Manhattan,40.745495,-73.98869,True
14,377446.75,410767.8333333333,8.828022319263132,"23 St (R,W)","23 St (R,W)",Manhattan,40.741302,-73.98934,True
16,337604.8333333333,363059.0,7.539633368203166,"8 St-NYU (R,W)","8 St-NYU (R,W)",Manhattan,40.730328,-73.99263,True
17,268135.4166666667,309522.27777777775,15.435059502997795,"Prince St (R,W)","Prince St (R,W)",Manhattan,40.72433,-73.9977,True
20,99352.83333333333,102394.38888888889,3.061367706898708,"City Hall (R,W)","City Hall (R,W)",Manhattan,40.713284,-74.00698,True
22,101449.83333333333,109054.27777777778,7.495768297083898,"Rector St (R,W)","Rector St (R,W)",Manhattan,40.70722,-74.01334,True
26,423862.75,470479.44444444444,10.998063510993697,"DeKalb Av (B,Q,R)","DeKalb Av (B,Q,R)",Brooklyn,40.690636,-73.98183,False
28,152321.66666666666,174155.11111111112,14.333774650866784,Union St (R),Union St (R),Brooklyn,40.677315,-73.98311,False
30,112191.83333333333,121572.22222222222,8.361026475981369,Prospect Av (R),Prospect Av (R),Brooklyn,40.665413,-73.992874,False
31,70735.66666666667,77039.61111111111,8.911974314387985,25 St (R),25 St (R),Brooklyn,40.660397,-73.99809,False
32,306111.75,335127.1666666667,9.47870072503479,"36 St (D,N,R)","36 St (D,N,R)",Brooklyn,40.655144,-74.00355,False
33,146440.75,171816.66666666666,17.328453088820332,45 St (R),45 St (R),Brooklyn,40.648937,-74.01001,False
34,163043.5,189240.0,16.067184524375396,53 St (R),53 St (R),Brooklyn,40.64507,-74.01403,False
35,250102.0,274116.8888888889,9.602037924082525,"59 St (N,R)","59 St (N,R)",Brooklyn,40.64136,-74.01788,False
36,147907.58333333334,159314.88888888888,7.712454830559532,Bay Ridge Av (R),Bay Ridge Av (R),Brooklyn,40.634968,-74.02338,False
37,102105.08333333333,105404.5,3.23139314807213,77 St (R),77 St (R),Brooklyn,40.62974,-74.02551,False
38,217444.08333333334,234007.38888888888,7.6172712090605055,86 St (R),86 St (R),Brooklyn,40.62269,-74.0284,False
39,102593.66666666667,109532.22222222222,6.763142190930123,Bay Ridge-95 St (R),Bay Ridge-95 St (R),Brooklyn,40.616623,-74.030876,False
41,182068.91666666666,200290.70588235295,10.008182368134207,"7 Av (B,Q)","7 Av (B,Q)",Brooklyn,40.67705,-73.97237,False
42,190021.91666666666,214740.33333333334,13.008192476043344,"Prospect Park (B,Q,S)","Prospect Park (B,Q,S)",Brooklyn,40.661613,-73.96225,False
43,136535.83333333334,129577.61111111111,-5.096260851343469,Parkside Av (Q),Parkside Av (Q),Brooklyn,40.655293,-73.961494,False
44,222951.83333333334,268597.5,20.473330936203705,"Church Av (B,Q)","Church Av (B,Q)",Brooklyn,40.650528,-73.96298,False
45,79950.33333333333,76548.94444444444,-4.254377370395234,Beverley Rd (Q),Beverley Rd (Q),Brooklyn,40.64403,-73.96449,False
46,113572.83333333333,115656.33333333333,1.8345056109368878,Cortelyou Rd (Q),Cortelyou Rd (Q),Brooklyn,40.640926,-73.96389,False
47,180157.58333333334,191709.17647058822,6.411938328392068,"Newkirk Plaza (B,Q)","Newkirk Plaza (B,Q)",Brooklyn,40.635082,-73.96279,False
48,58290.5,61837.444444444445,6.084944278131848,Avenue H (Q),Avenue H (Q),Brooklyn,40.62927,-73.96164,False
49,97925.16666666667,104378.44444444444,6.590009491374637,Avenue J (Q),Avenue J (Q),Brooklyn,40.62504,-73.9608,False
50,100309.75,110205.66666666667,9.86535871803755,Avenue M (Q),Avenue M (Q),Brooklyn,40.61762,-73.9594,False
51,356364.3333333333,375174.6666666667,5.278399540545128,"Kings Hwy (B,Q)","Kings Hwy (B,Q)",Brooklyn,40.60867,-73.95773,False
52,129586.91666666667,132625.11111111112,2.3445225201704023,Avenue U (Q),Avenue U (Q),Brooklyn,40.5993,-73.95593,False
53,82620.16666666667,85543.05555555556,3.537742668423033,Neck Rd (Q),Neck Rd (Q),Brooklyn,40.595245,-73.95516,False
54,236999.58333333334,236070.22222222222,-0.39213617932990347,"Sheepshead Bay (B,Q)","Sheepshead Bay (B,Q)",Brooklyn,40.586895,-73.954155,False
55,211460.41666666666,216030.5,2.1612003822622485,"Brighton Beach (B,Q)","Brighton Beach (B,Q)",Brooklyn,40.57762,-73.96137,False
56,57789.5,57421.0,-0.6376590903191757,Ocean Pkwy (Q),Ocean Pkwy (Q),Brooklyn,40.576313,-73.9685,False
57,50732.333333333336,58314.055555555555,14.944556506808054,"W 8 St-NY Aquarium (F,Q)","W 8 St-NY Aquarium (F,Q)",Brooklyn,40.576126,-73.97594,False
58,293845.4166666667,313353.8333333333,6.639006620544519,"Coney Island-Stillwell Av (D,F,N,Q)","Coney Island-Stillwell Av (D,F,N,Q)",Brooklyn,40.577423,-73.98123,False
59,108392.66666666667,117017.72222222222,7.957231629035986,9 Av (D),9 Av (D),Brooklyn,40.646294,-73.99432,False
60,76302.91666666667,86374.88888888889,13.199983253880271,Fort Hamilton Pkwy (D),Fort Hamilton Pkwy (D),Brooklyn,40.640915,-73.9943,False
61,63761.5,66124.83333333333,3.7065209151813066,50 St (D),50 St (D),Brooklyn,40.63626,-73.99479,False
62,35171.583333333336,36241.77777777778,3.0427815384421,55 St (D),55 St (D),Brooklyn,40.631435,-73.995476,False
64,93013.91666666667,96968.72222222222,4.25184283952729,71 St (D),71 St (D),Brooklyn,40.61959,-73.99886,False
65,120170.83333333333,124512.05555555556,3.6125423297851533,79 St (D),79 St (D),Brooklyn,40.613503,-74.00061,False
66,117233.83333333333,119421.22222222222,1.8658341424948919,18 Av (D),18 Av (D),Brooklyn,40.607952,-74.00174,False
67,97249.75,100582.77777777778,3.4272867310998545,20 Av (D),20 Av (D),Brooklyn,40.604557,-73.99817,False
68,142804.16666666666,144639.11111111112,1.2849376088077265,Bay Pkwy (D),Bay Pkwy (D),Brooklyn,40.601875,-73.99373,False
69,80134.25,79387.27777777778,-0.9321510118609945,25 Av (D),25 Av (D),Brooklyn,40.597706,-73.98683,False
70,49780.166666666664,55413.5,11.316421198536236,Bay 50 St (D),Bay 50 St (D),Brooklyn,40.58884,-73.983765,False
71,221998.08333333334,242223.61111111112,9.110676756343368,8 Av (N),8 Av (N),Brooklyn,40.635063,-74.01172,False
72,129467.41666666667,134914.16666666666,4.207043084843086,Fort Hamilton Pkwy (N),Fort Hamilton Pkwy (N),Brooklyn,40.631386,-74.00535,False
74,96309.91666666667,105438.77777777778,9.478630474478079,18 Av (N),18 Av (N),Brooklyn,40.62067,-73.99042,False
75,83740.58333333333,87311.94444444444,4.264791298258741,20 Av (N),20 Av (N),Brooklyn,40.61741,-73.98502,False
76,131703.83333333334,138477.44444444444,5.1430629919233635,Bay Pkwy (N),Bay Pkwy (N),Brooklyn,40.611816,-73.98185,False
77,109681.83333333333,115964.16666666667,5.727779288882549,Kings Hwy (N),Kings Hwy (N),Brooklyn,40.603924,-73.980354,False
78,75008.75,79365.05555555556,5.807729838926208,Avenue U (N),Avenue U (N),Brooklyn,40.597473,-73.97913,False
79,47684.75,49212.333333333336,3.2035049640258904,86 St (N),86 St (N),Brooklyn,40.59272,-73.97823,False
80,39788.666666666664,44543.055555555555,11.949103318086115,"121 St (J,Z)","121 St (J,Z)",Queens,40.700493,-73.82829,False
81,40183.416666666664,42229.5,5.091860033471526,111 St (J),111 St (J),Queens,40.69742,-73.83634,False
82,50185.416666666664,51106.05882352941,1.8344814450334974,"104 St (J,Z)","104 St (J,Z)",Queens,40.69518,-73.84433,False
83,52258.416666666664,93421.88888888889,78.76907653897327,"Woodhaven Blvd (J,Z)","Woodhaven Blvd (J,Z)",Queens,40.69388,-73.85158,False
84,55673.416666666664,52272.055555555555,-6.109488719681194,85 St-Forest Pkwy (J),85 St-Forest Pkwy (J),Queens,40.692436,-73.86001,False
85,41682.25,66925.4705882353,60.56107956800629,"75 St-Elderts Ln (J,Z)","75 St-Elderts Ln (J,Z)",Queens,40.691322,-73.86714,False
86,21474.083333333332,17276.25,-19.548370322365326,Cypress Hills (J),Cypress Hills (J),Brooklyn,40.68994,-73.87255,False
87,62207.916666666664,78811.77777777778,26.69091331265895,"Crescent St (J,Z)","Crescent St (J,Z)",Brooklyn,40.683193,-73.87379,False
88,40126.583333333336,50449.882352941175,25.726832842586493,"Norwood Av (J,Z)","Norwood Av (J,Z)",Brooklyn,40.68141,-73.880035,False
89,35011.583333333336,44101.529411764706,25.962682098347557,Cleveland St (J),Cleveland St (J),Brooklyn,40.679947,-73.884636,False
90,44922.833333333336,58516.5625,30.260177637949514,"Van Siclen Av (J,Z)","Van Siclen Av (J,Z)",Brooklyn,40.678024,-73.891685,False
91,33421.916666666664,37882.833333333336,13.347279604451186,"Alabama Av (J,Z)","Alabama Av (J,Z)",Brooklyn,40.67699,-73.89865,False
93,51147.0,58366.25,14.114708585058752,"Chauncey St (J,Z)","Chauncey St (J,Z)",Brooklyn,40.68289,-73.91045,False
94,103269.16666666667,122850.1875,18.961149262041747,Halsey St (J),Halsey St (J),Brooklyn,40.68637,-73.91656,False
95,123851.58333333333,136872.93333333332,10.513672614870345,"Gates Av (J,Z)","Gates Av (J,Z)",Brooklyn,40.68963,-73.92227,False
96,110025.08333333333,115878.5625,5.320131545761161,Kosciuszko St (J),Kosciuszko St (J),Brooklyn,40.69334,-73.92882,False
97,232143.5,254831.94444444444,9.773456695726754,"Myrtle Av (M,J,Z)","Myrtle Av (M,J,Z)",Brooklyn,40.69721,-73.93565,False
98,141385.75,172056.38888888888,21.692878447006773,"Flushing Av (M,J)","Flushing Av (M,J)",Brooklyn,40.70026,-73.941124,False
99,76842.75,89184.66666666667,16.061263641224024,"Lorimer St (M,J)","Lorimer St (M,J)",Brooklyn,40.70387,-73.94741,False
100,57185.916666666664,56404.27777777778,-1.3668380861060778,"Hewes St (M,J)","Hewes St (M,J)",Brooklyn,40.70687,-73.95343,False
101,238396.58333333334,259830.22222222222,8.990749191618955,"Marcy Av (M,J,Z)","Marcy Av (M,J,Z)",Brooklyn,40.70836,-73.957756,False
103,73688.0,87433.5,18.65364781239822,"Bowery (J,Z)","Bowery (J,Z)",Manhattan,40.72028,-73.99391,True
107,110590.0,124206.33333333333,12.312445368779573,"Broad St (J,Z)","Broad St (J,Z)",Manhattan,40.706474,-74.011055,True
108,74034.33333333333,76266.61111111111,3.0151926508571893,Middle Village-Metropolitan Av (M),Middle Village-Metropolitan Av (M),Queens,40.711395,-73.8896,False
109,104654.75,109889.16666666667,5.001604482038963,Fresh Pond Rd (M),Fresh Pond Rd (M),Queens,40.706184,-73.895874,False
110,84232.0,90788.33333333333,7.783660999778384,Forest Av (M),Forest Av (M),Queens,40.704422,-73.903076,False
111,54964.583333333336,59379.82352941176,8.032882136669993,Seneca Av (M),Seneca Av (M),Queens,40.702763,-73.90774,False
113,77400.66666666667,88624.05882352941,14.500381766990905,Knickerbocker Av (M),Knickerbocker Av (M),Brooklyn,40.698666,-73.91971,False
114,74597.16666666667,80831.41176470589,8.357214324099731,Central Av (M),Central Av (M),Brooklyn,40.697857,-73.9274,False
118,145221.08333333334,159572.5,9.882460822665205,3 Av (L),3 Av (L),Manhattan,40.73285,-73.98612,True
119,532213.25,619625.6666666666,16.42432176701099,1 Av (L),1 Av (L),Manhattan,40.730953,-73.98163,True
120,736212.0833333334,840237.1666666666,14.129771255905075,Bedford Av (L),Bedford Av (L),Brooklyn,40.717304,-73.95687,False
122,190372.41666666666,206521.44444444444,8.482861152124778,Graham Av (L),Graham Av (L),Brooklyn,40.714565,-73.94405,False
123,133516.75,139607.22222222222,4.561579144356209,Grand St (L),Grand St (L),Brooklyn,40.711926,-73.94067,False
124,143254.0,153188.77777777778,6.935078795550408,Montrose Av (L),Montrose Av (L),Brooklyn,40.70774,-73.93985,False
125,150638.5,174458.77777777778,15.812875047068168,Morgan Av (L),Morgan Av (L),Brooklyn,40.706154,-73.93314,False
126,194530.5,215312.44444444444,10.683129095151884,Jefferson St (L),Jefferson St (L),Brooklyn,40.706608,-73.92291,False
127,246961.5,270382.22222222225,9.48355197964956,DeKalb Av (L),DeKalb Av (L),Brooklyn,40.70381,-73.91843,False
129,146287.41666666666,173055.0,18.297939729379785,Halsey St (L),Halsey St (L),Queens,40.695602,-73.90408,False
130,83092.5,97390.0,17.20672744230827,Wilson Av (L),Wilson Av (L),Brooklyn,40.688763,-73.904045,False
131,48657.333333333336,51213.11111111111,5.252605522520292,Bushwick Av-Aberdeen St (L),Bushwick Av-Aberdeen St (L),Brooklyn,40.68283,-73.90525,False
133,36422.333333333336,50690.77777777778,39.174987263614206,Atlantic Av (L),Atlantic Av (L),Brooklyn,40.675346,-73.9031,False
134,47412.583333333336,53840.88888888889,13.558226748290563,Sutter Av (L),Sutter Av (L),Brooklyn,40.66937,-73.90198,False
135,48780.5,55401.333333333336,13.572704940157104,Livonia Av (L),Livonia Av (L),Brooklyn,40.66404,-73.90057,False
136,59198.0,70848.66666666667,19.68084507359484,New Lots Av (L),New Lots Av (L),Brooklyn,40.658733,-73.89923,False
137,47782.666666666664,51463.333333333336,7.702932723163222,East 105 St (L),East 105 St (L),Brooklyn,40.650574,-73.89948,False
138,45806.0,224313.33333333334,389.7029501229825,Canarsie-Rockaway Pkwy (L),Canarsie-Rockaway Pkwy (L),Brooklyn,40.646652,-73.90185,False
141,30834.25,35687.055555555555,15.738360931611941,Park Pl (S),Park Pl (S),Brooklyn,40.67477,-73.95763,False
143,160348.0,165902.88888888888,3.46427076663811,Inwood-207 St (A),Inwood-207 St (A),Manhattan,40.868073,-73.9199,False
144,118232.91666666667,127605.66666666667,7.927360894280006,Dyckman St (A),Dyckman St (A),Manhattan,40.86549,-73.92727,False
145,82294.83333333333,82924.66666666667,0.7653376376402848,190 St (A),190 St (A),Manhattan,40.85902,-73.93418,False
146,170076.83333333334,190044.33333333334,11.740282088193473,181 St (A),181 St (A),Manhattan,40.851696,-73.937965,False
147,189648.0,200732.38888888888,5.84471699616599,175 St (A),175 St (A),Manhattan,40.84739,-73.939705,False
149,74372.33333333333,79808.27777777778,7.309094929267316,163 St-Amsterdam Av (C),163 St-Amsterdam Av (C),Manhattan,40.836014,-73.939896,False
150,46970.166666666664,49399.5,5.172077311484955,155 St (C),155 St (C),Manhattan,40.830517,-73.94151,False
151,419491.1666666667,440665.05555555556,5.047517223578138,"145 St (A,C,B,D)","145 St (A,C,B,D)",Manhattan,40.824783,-73.944214,False
152,96758.91666666667,104579.22222222222,8.082258281680032,"135 St (C,B)","135 St (C,B)",Manhattan,40.817894,-73.94765,False
153,494870.4166666667,538815.7222222222,8.880164195621358,"125 St (A,C,B,D)","125 St (A,C,B,D)",Manhattan,40.811108,-73.95235,False
154,121346.75,129352.55555555556,6.597461864908258,"116 St (C,B)","116 St (C,B)",Manhattan,40.805084,-73.95488,False
155,146844.75,157442.55555555556,7.217013584452669,"Cathedral Pkwy (110 St) (C,B)","Cathedral Pkwy (110 St) (C,B)",Manhattan,40.800602,-73.95816,False
156,88622.58333333333,94921.66666666667,7.107763164204771,"103 St (C,B)","103 St (C,B)",Manhattan,40.796093,-73.96146,False
157,184262.83333333334,194495.77777777778,5.553450068757456,"96 St (C,B)","96 St (C,B)",Manhattan,40.79164,-73.9647,False
158,222815.33333333334,228780.72222222222,2.677279341437697,"86 St (C,B)","86 St (C,B)",Manhattan,40.78587,-73.96892,False
159,291428.0833333333,294601.0,1.0887477385072486,"81 St-Museum of Natural History (C,B)","81 St-Museum of Natural History (C,B)",Manhattan,40.781433,-73.972145,False
160,215471.0,228787.66666666666,6.18025936978371,"72 St (C,B)","72 St (C,B)",Manhattan,40.775593,-73.97641,False
162,462167.3333333333,501799.77777777775,8.575345245324804,"50 St (C,E)","50 St (C,E)",Manhattan,40.762455,-73.985985,True
164,1557367.4166666667,1734417.611111111,11.368556485109734,"34 St-Penn Station (A,C,E)","34 St-Penn Station (A,C,E)",Manhattan,40.75229,-73.99339,True
165,412795.75,436024.27777777775,5.627123771932669,"23 St (C,E)","23 St (C,E)",Manhattan,40.745907,-73.99804,True
167,916951.75,1036337.2777777778,13.019826591505796,"W 4 St-Wash Sq (A,C,E,B,D,F,M)","W 4 St-Wash Sq (A,C,E,B,D,F,M)",Manhattan,40.732338,-74.000496,True
168,277787.5,325970.27777777775,17.34519291824785,"Spring St (C,E)","Spring St (C,E)",Manhattan,40.726227,-74.00374,True
169,345874.5,368550.0,6.555990684482377,"Canal St (A,C,E)","Canal St (A,C,E)",Manhattan,40.720825,-74.005226,True
173,183101.16666666666,243259.22222222222,32.855091341429045,"High St (A,C)","High St (A,C)",Brooklyn,40.699337,-73.99053,False
175,241625.91666666666,262449.72222222225,8.618200333320587,"Hoyt-Schermerhorn Sts (A,C,G)","Hoyt-Schermerhorn Sts (A,C,G)",Brooklyn,40.688484,-73.985,False
176,115813.41666666667,117435.44444444444,1.4005525650333543,Lafayette Av (C),Lafayette Av (C),Brooklyn,40.68611,-73.973946,False
177,145505.33333333334,163919.88888888888,12.655588034955557,Clinton-Washington Avs (C),Clinton-Washington Avs (C),Brooklyn,40.68326,-73.965836,False
179,331789.9166666667,368999.1111111111,11.214685129152588,"Nostrand Av (A,C)","Nostrand Av (A,C)",Brooklyn,40.68044,-73.950424,False
180,130237.41666666667,139515.83333333334,7.1242327313771225,Kingston-Throop Avs (C),Kingston-Throop Avs (C),Brooklyn,40.67992,-73.94086,False
181,246956.91666666666,301151.55555555556,21.94497713220109,"Utica Av (A,C)","Utica Av (A,C)",Brooklyn,40.679363,-73.93073,False
182,92976.08333333333,108872.66666666667,17.09749729545144,Ralph Av (C),Ralph Av (C),Brooklyn,40.67882,-73.920784,False
183,102175.5,103706.05555555556,1.4979672774349644,Rockaway Av (C),Rockaway Av (C),Brooklyn,40.67834,-73.91195,False
185,42547.583333333336,49454.0,16.232218437788273,Liberty Av (C),Liberty Av (C),Brooklyn,40.67454,-73.896545,False
186,48256.25,58296.166666666664,20.805422440961873,Van Siclen Av (C),Van Siclen Av (C),Brooklyn,40.67271,-73.89036,False
187,46342.5,49609.444444444445,7.049564534594477,Shepherd Av (C),Shepherd Av (C),Brooklyn,40.67413,-73.88075,False
188,187173.16666666666,174460.55555555556,-6.7918982926386855,"Euclid Av (A,C)","Euclid Av (A,C)",Brooklyn,40.675377,-73.87211,False
189,94472.66666666667,98011.76470588235,3.746160835813898,Grant Av (A),Grant Av (A),Brooklyn,40.677044,-73.86505,False
190,74402.0,81952.94444444444,10.148846058499016,80 St (A),80 St (A),Queens,40.67937,-73.85899,False
191,48448.166666666664,48878.22222222222,0.8876611544755146,88 St (A),88 St (A),Queens,40.679844,-73.85147,False
192,127075.16666666667,132769.77777777778,4.481293442682436,Rockaway Blvd (A),Rockaway Blvd (A),Queens,40.680428,-73.84386,False
193,30863.0,32163.777777777777,4.214683529720952,104 St (A),104 St (A),Queens,40.68171,-73.837685,False
194,38785.5,37874.61111111111,-2.348529447574198,111 St (A),111 St (A),Queens,40.68433,-73.83216,False
195,113073.83333333333,114838.61111111111,1.5607304764979057,Ozone Park-Lefferts Blvd (A),Ozone Park-Lefferts Blvd (A),Queens,40.68595,-73.8258,False
196,14592.0,14414.333333333334,-1.21756213450292,Aqueduct Racetrack (A),Aqueduct Racetrack (A),Queens,40.672096,-73.83592,False
197,14546.0,15991.0,9.934002474907192,Aqueduct-N Conduit Av (A),Aqueduct-N Conduit Av (A),Queens,40.668236,-73.83406,False
198,81846.0,112954.38888888889,38.008441327479524,Howard Beach-JFK Airport (A),Howard Beach-JFK Airport (A),Queens,40.660477,-73.8303,False
199,5099.166666666667,4914.0625,-3.6300866154600477,"Broad Channel (A,S)","Broad Channel (A,S)",Queens,40.608383,-73.815926,False
200,15105.5,16416.1875,8.67688921253848,"Beach 90 St (A,S)","Beach 90 St (A,S)",Queens,40.588036,-73.813644,False
201,8310.416666666666,9268.846153846154,11.532869236554385,"Beach 98 St (A,S)","Beach 98 St (A,S)",Queens,40.585308,-73.82056,False
202,6000.416666666667,7017.2307692307695,16.945724922948727,"Beach 105 St (A,S)","Beach 105 St (A,S)",Queens,40.58321,-73.82756,False
203,13795.416666666666,16250.666666666666,17.797577697906913,"Rockaway Park-Beach 116 St (A,S)","Rockaway Park-Beach 116 St (A,S)",Queens,40.580902,-73.835594,False
204,39231.5,34975.055555555555,-10.849558248969439,Beach 67 St (A),Beach 67 St (A),Queens,40.590927,-73.79692,False
205,27139.833333333332,24425.722222222223,-10.000470812684098,Beach 60 St (A),Beach 60 St (A),Queens,40.592373,-73.78852,False
206,12336.25,10466.625,-15.155537541797548,Beach 44 St (A),Beach 44 St (A),Queens,40.59294,-73.77602,False
207,13154.083333333334,11597.611111111111,-11.832616403440422,Beach 36 St (A),Beach 36 St (A),Queens,40.595398,-73.76817,False
208,24957.0,24786.0,-0.6851785070320953,Beach 25 St (A),Beach 25 St (A),Queens,40.600067,-73.76135,False
209,80683.41666666667,77217.44444444444,-4.295767786509909,Far Rockaway-Mott Av (A),Far Rockaway-Mott Av (A),Queens,40.603996,-73.7554,False
210,109702.41666666667,117583.44444444444,7.184005619242146,Norwood-205 St (D),Norwood-205 St (D),Bronx,40.87481,-73.87885,False
211,103048.58333333333,121359.61111111111,17.769315390340427,"Bedford Park Blvd (B,D)","Bedford Park Blvd (B,D)",Bronx,40.873245,-73.88714,False
212,97082.66666666667,111995.11111111111,15.360563277115485,"Kingsbridge Rd (B,D)","Kingsbridge Rd (B,D)",Bronx,40.866978,-73.89351,False
213,142942.33333333334,161629.27777777778,13.073065206559594,"Fordham Rd (B,D)","Fordham Rd (B,D)",Bronx,40.861298,-73.89775,False
214,70706.75,83608.94444444444,18.247472051033935,"182-183 Sts (B,D)","182-183 Sts (B,D)",Bronx,40.856094,-73.90074,False
215,115715.08333333333,150910.61111111112,30.415678547620452,"Tremont Av (B,D)","Tremont Av (B,D)",Bronx,40.85041,-73.90523,False
216,66673.33333333333,81162.05555555556,21.730910242309122,"174-175 Sts (B,D)","174-175 Sts (B,D)",Bronx,40.8459,-73.91013,False
217,85073.91666666667,109897.77777777778,29.179168050267396,"170 St (B,D)","170 St (B,D)",Bronx,40.839306,-73.9134,False
218,122190.16666666667,147528.77777777778,20.737029666417055,"167 St (B,D)","167 St (B,D)",Bronx,40.83377,-73.91844,False
220,46900.25,51722.055555555555,10.28098049702412,"155 St (B,D)","155 St (B,D)",Manhattan,40.830135,-73.93821,False
221,160366.33333333334,227052.16666666666,41.583437088832014,21 St-Queensbridge (M),21 St-Queensbridge (M),Queens,40.754204,-73.94283,False
222,164364.33333333334,188460.66666666666,14.660317627709162,Roosevelt Island (M),Roosevelt Island (M),Manhattan,40.759144,-73.95326,False
223,330997.9166666667,365360.3888888889,10.38147688912106,"Lexington Av/63 St (M,Q)","Lexington Av/63 St (M,Q)",Manhattan,40.76463,-73.96611,False
224,265491.9166666667,292190.44444444444,10.056248835364197,57 St (M),57 St (M),Manhattan,40.763973,-73.97745,True
225,1053098.6666666667,1143736.0555555555,8.606732850187708,"47-50 Sts-Rockefeller Ctr (B,D,F,M)","47-50 Sts-Rockefeller Ctr (B,D,F,M)",Manhattan,40.758663,-73.98133,True
228,502593.1666666667,542380.8333333334,7.9164758507460835,"23 St (F,M)","23 St (F,M)",Manhattan,40.742878,-73.99282,True
231,489213.3333333333,509849.94444444444,4.218325565760907,"Grand St (B,D)","Grand St (B,D)",Manhattan,40.718266,-73.99375,True
232,356314.1666666667,392183.44444444444,10.066756007300041,2 Av (F),2 Av (F),Manhattan,40.7234,-73.98994,True
234,300609.9166666667,328341.94444444444,9.225253805758044,East Broadway (F),East Broadway (F),Manhattan,40.713715,-73.99017,True
235,300201.1666666667,335309.1666666667,11.694824637035055,York St (F),York St (F),Brooklyn,40.701397,-73.98675,False
236,225288.25,254405.5,12.924442353296278,"Bergen St (F,G)","Bergen St (F,G)",Brooklyn,40.686146,-73.99086,False
237,227618.83333333334,259672.16666666666,14.082021625334157,"Carroll St (F,G)","Carroll St (F,G)",Brooklyn,40.6803,-73.99505,False
238,80242.58333333333,91998.55555555556,14.650540565708233,"Smith-9 Sts (F,G)","Smith-9 Sts (F,G)",Brooklyn,40.67358,-73.99596,False
240,234971.16666666666,253645.22222222222,7.947381723667752,"7 Av (F,G)","7 Av (F,G)",Brooklyn,40.66627,-73.98031,False
241,117155.16666666667,125639.55555555556,7.242010002878425,"15 St-Prospect Park (F,G)","15 St-Prospect Park (F,G)",Brooklyn,40.660366,-73.97949,False
242,113272.25,120481.38888888889,6.364435145314841,"Fort Hamilton Pkwy (F,G)","Fort Hamilton Pkwy (F,G)",Brooklyn,40.650784,-73.97578,False
243,179296.41666666666,186414.27777777778,3.9698847547768192,"Church Av (F,G)","Church Av (F,G)",Brooklyn,40.64404,-73.979675,False
244,69412.5,72893.72222222222,5.015267022830497,Ditmas Av (F),Ditmas Av (F),Brooklyn,40.63612,-73.97817,False
245,61737.333333333336,66789.88888888889,8.183954963321309,18 Av (F),18 Av (F),Brooklyn,40.629753,-73.976974,False
246,29319.416666666668,28981.117647058825,-1.1538395304858018,Avenue I (F),Avenue I (F),Brooklyn,40.62532,-73.97613,False
247,21130.416666666668,20502.125,-2.973399325616711,Bay Pkwy (F),Bay Pkwy (F),Brooklyn,40.62077,-73.975266,False
248,48366.833333333336,47856.27777777778,-1.055590205868804,Avenue N (F),Avenue N (F),Brooklyn,40.61514,-73.9742,False
249,43746.166666666664,48531.05882352941,10.937854722957246,Avenue P (F),Avenue P (F),Brooklyn,40.608944,-73.97302,False
250,65961.16666666667,57006.88888888889,-13.575074896761652,Kings Hwy (F),Kings Hwy (F),Brooklyn,40.603218,-73.97236,False
251,32616.416666666668,37008.882352941175,13.467039408910667,Avenue U (F),Avenue U (F),Brooklyn,40.59606,-73.97336,False
252,41855.0,47886.72222222222,14.41099563307184,Avenue X (F),Avenue X (F),Brooklyn,40.58962,-73.97425,False
253,26889.75,28772.0,6.999879136102047,Neptune Av (F),Neptune Av (F),Brooklyn,40.581013,-73.97457,False
254,346657.5833333333,342234.55555555556,-1.2759068286484676,Jamaica-179 St (F),Jamaica-179 St (F),Queens,40.712646,-73.78381,False
255,146054.5,150694.33333333334,3.176782182906616,169 St (F),169 St (F),Queens,40.71047,-73.7936,False
256,135107.58333333334,135838.27777777778,0.5408241539201325,Parsons Blvd (F),Parsons Blvd (F),Queens,40.707565,-73.80333,False
257,82309.25,83430.38888888889,1.3621055821659056,Sutphin Blvd (F),Sutphin Blvd (F),Queens,40.70546,-73.81071,False
258,93436.0,99466.33333333333,6.453972059306187,"Briarwood (E,F)","Briarwood (E,F)",Queens,40.70918,-73.82057,False
259,424095.25,441333.94444444444,4.064816676075584,"Kew Gardens-Union Tpke (E,F)","Kew Gardens-Union Tpke (E,F)",Queens,40.71444,-73.83101,False
260,63362.166666666664,66573.77777777778,5.068657339334119,"75 Av (E,F)","75 Av (E,F)",Queens,40.71833,-73.837326,False
261,494745.0,541517.7222222222,9.453904985845687,"Forest Hills-71 Av (E,F,M,R)","Forest Hills-71 Av (E,F,M,R)",Queens,40.72169,-73.84452,False
262,145334.41666666666,157662.61111111112,8.482639368705028,"67 Av (M,R)","67 Av (M,R)",Queens,40.726524,-73.85272,False
263,256466.66666666666,273190.77777777775,6.52096872021488,"63 Dr-Rego Park (M,R)","63 Dr-Rego Park (M,R)",Queens,40.729847,-73.8616,False
264,356563.8333333333,382797.1666666667,7.357261416025099,"Woodhaven Blvd (M,R)","Woodhaven Blvd (M,R)",Queens,40.733105,-73.86923,False
265,343810.3333333333,378973.6111111111,10.227522086628522,"Grand Av-Newtown (M,R)","Grand Av-Newtown (M,R)",Queens,40.737015,-73.87722,False
266,245203.91666666666,273196.8333333333,11.416178439237815,"Elmhurst Av (M,R)","Elmhurst Av (M,R)",Queens,40.742455,-73.88202,False
268,64704.583333333336,75071.83333333333,16.022435298890457,"65 St (M,R)","65 St (M,R)",Queens,40.74967,-73.89845,False
269,121915.5,132120.72222222222,8.37073401021381,"Northern Blvd (M,R)","Northern Blvd (M,R)",Queens,40.752884,-73.906006,False
270,134654.33333333334,165942.33333333334,23.235791396736825,"46 St (M,R)","46 St (M,R)",Queens,40.756313,-73.91333,False
271,239345.41666666666,250956.77777777778,4.851298709965322,"Steinway St (M,R)","Steinway St (M,R)",Queens,40.756878,-73.92074,False
272,65135.416666666664,77000.77777777778,18.216450770296934,"36 St (M,R)","36 St (M,R)",Queens,40.75204,-73.92878,False
273,347924.6666666667,365352.0,5.008938716618726,"Queens Plaza (E,F,R)","Queens Plaza (E,F,R)",Queens,40.748974,-73.93724,False
276,373223.6666666667,338365.0,-9.339886448787194,"5 Av/53 St (E,F)","5 Av/53 St (E,F)",Manhattan,40.760166,-73.97523,True
277,359661.9166666667,384785.44444444444,6.985317770260938,"7 Av (E,B,D)","7 Av (E,B,D)",Manhattan,40.762863,-73.981636,True
278,539275.0833333334,565477.6111111111,4.858842655183756,"Jamaica Center-Parsons/Archer (E,J,Z)","Jamaica Center-Parsons/Archer (E,J,Z)",Queens,40.70215,-73.80111,False
279,554694.6666666666,617252.5555555555,11.2778962279949,"Sutphin Blvd-Archer Av-JFK Airport (E,J,Z)","Sutphin Blvd-Archer Av-JFK Airport (E,J,Z)",Queens,40.700485,-73.80797,False
280,88956.91666666667,95472.22222222222,7.32411351437602,Jamaica-Van Wyck (E),Jamaica-Van Wyck (E),Queens,40.702564,-73.81686,False
282,33912.25,42038.86666666667,23.963661115575253,21 St (G),21 St (G),Queens,40.744064,-73.94972,False
283,191018.83333333334,231526.72222222222,21.206227774515536,Greenpoint Av (G),Greenpoint Av (G),Brooklyn,40.731354,-73.95445,False
284,186751.16666666666,220388.88888888888,18.012054662160374,Nassau Av (G),Nassau Av (G),Brooklyn,40.724636,-73.95128,False
286,83761.08333333333,99880.0,19.243920953744436,Broadway (G),Broadway (G),Brooklyn,40.706093,-73.95031,False
287,52755.333333333336,63307.3125,20.001729682938844,Flushing Av (G),Flushing Av (G),Brooklyn,40.70038,-73.95023,False
288,91416.58333333333,103822.5294117647,13.570782921513736,Myrtle-Willoughby Avs (G),Myrtle-Willoughby Avs (G),Brooklyn,40.69457,-73.94904,False
289,172749.33333333334,190296.38888888888,10.157524325548115,Bedford-Nostrand Avs (G),Bedford-Nostrand Avs (G),Brooklyn,40.68963,-73.95352,False
290,99504.58333333333,113003.94444444444,13.56657217074032,Classon Av (G),Classon Av (G),Brooklyn,40.688873,-73.96007,False
291,97520.25,120399.11111111111,23.46062598394806,Clinton-Washington Avs (G),Clinton-Washington Avs (G),Brooklyn,40.688087,-73.96684,False
292,120023.08333333333,135271.72222222222,12.704755173252554,Fulton St (G),Fulton St (G),Brooklyn,40.68712,-73.97537,False
293,119670.25,105087.05555555556,-12.18614855776138,Van Cortlandt Park-242 St (1),Van Cortlandt Park-242 St (1),Bronx,40.889248,-73.89858,False
294,78740.41666666667,86994.16666666667,10.482227995999512,238 St (1),238 St (1),Bronx,40.884666,-73.90087,False
295,150135.91666666666,165858.88888888888,10.47249223990188,231 St (1),231 St (1),Bronx,40.878857,-73.90483,False
296,85580.16666666667,90598.76470588235,5.864206900604709,Marble Hill-225 St (1),Marble Hill-225 St (1),Manhattan,40.87456,-73.90983,False
297,43941.833333333336,44563.72222222222,1.415254762293069,215 St (1),215 St (1),Manhattan,40.869446,-73.915276,False
298,107032.58333333333,118379.33333333333,10.60121100194567,207 St (1),207 St (1),Manhattan,40.86462,-73.91882,False
299,124626.08333333333,129606.83333333333,3.996555028274579,Dyckman St (1),Dyckman St (1),Manhattan,40.86053,-73.92554,False
300,135099.25,144664.0,7.079795039572759,191 St (1),191 St (1),Manhattan,40.855225,-73.92941,False
301,191840.0,194504.0,1.3886572143452878,181 St (1),181 St (1),Manhattan,40.849506,-73.93359,False
303,190131.75,190914.61111111112,0.4117466499472729,157 St (1),157 St (1),Manhattan,40.83404,-73.94489,False
304,180445.91666666666,171507.05555555556,-4.953761922816816,145 St (1),145 St (1),Manhattan,40.82655,-73.95036,False
305,218449.91666666666,232452.94444444444,6.4101776697608175,137 St-City College (1),137 St-City College (1),Manhattan,40.822006,-73.953674,False
306,167966.16666666666,176456.22222222222,5.05462244215188,125 St (1),125 St (1),Manhattan,40.815582,-73.958374,False
307,276806.6666666667,285434.8888888889,3.1170572320833516,116 St-Columbia University (1),116 St-Columbia University (1),Manhattan,40.80772,-73.96411,False
308,242609.75,259682.38888888888,7.037078637148291,Cathedral Pkwy (110 St) (1),Cathedral Pkwy (110 St) (1),Manhattan,40.803967,-73.96685,False
309,234871.16666666666,251252.61111111112,6.974651114878355,103 St (1),103 St (1),Manhattan,40.799446,-73.968376,False
310,700844.3333333334,735219.9444444445,4.904885361291993,"96 St (1,2,3)","96 St (1,2,3)",Manhattan,40.79392,-73.97232,False
311,317231.5,367888.3333333333,15.96841213225462,86 St (1),86 St (1),Manhattan,40.788643,-73.97622,False
312,274756.0,324517.8888888889,18.111301987541264,79 St (1),79 St (1),Manhattan,40.783936,-73.97992,False
313,823558.1666666666,836770.3888888889,1.6042852535478367,"72 St (1,2,3)","72 St (1,2,3)",Manhattan,40.778454,-73.98197,False
314,405393.4166666667,433263.22222222225,6.874755338829641,66 St-Lincoln Center (1),66 St-Lincoln Center (1),Manhattan,40.77344,-73.98221,False
316,461848.5,545063.5,18.01781320064913,50 St (1),50 St (1),Manhattan,40.761726,-73.98385,True
318,1407771.5833333333,1513951.1666666667,7.542387173487378,"34 St-Penn Station (1,2,3)","34 St-Penn Station (1,2,3)",Manhattan,40.750374,-73.99106,True
319,260487.75,279974.6111111111,7.480912676742428,28 St (1),28 St (1),Manhattan,40.747215,-73.99336,True
320,272321.1666666667,285764.0,4.9363894470193515,23 St (1),23 St (1),Manhattan,40.74408,-73.99566,True
321,150182.83333333334,158016.88888888888,5.216345558062361,18 St (1),18 St (1),Manhattan,40.74104,-73.99787,True
323,253486.25,279707.05555555556,10.344074108775352,Christopher St-Stonewall (1),Christopher St-Stonewall (1),Manhattan,40.73342,-74.00291,True
324,260525.0,303519.1666666667,16.50289479576497,Houston St (1),Houston St (1),Manhattan,40.728252,-74.00536,True
325,100421.16666666667,114366.55555555556,13.886901887107689,Canal St (1),Canal St (1),Manhattan,40.722855,-74.00628,True
326,118346.5,127070.61111111111,7.37166803505901,Franklin St (1),Franklin St (1),Manhattan,40.71932,-74.00689,True
327,333955.1666666667,354997.1111111111,6.300829136579043,"Chambers St (1,2,3)","Chambers St (1,2,3)",Manhattan,40.715477,-74.00927,True
328,308692.5833333333,377143.94444444444,22.174605030013232,WTC Cortlandt (1),WTC Cortlandt (1),Manhattan,40.711834,-74.01219,True
329,144604.0,157793.27777777778,9.120963305149084,Rector St (1),Rector St (1),Manhattan,40.70751,-74.01379,True
333,351373.3333333333,378775.27777777775,7.798527049418786,"Wall St (2,3)","Wall St (2,3)",Manhattan,40.70682,-74.0091,True
334,150714.58333333334,144849.41176470587,-3.8915753465313645,"Clark St (2,3)","Clark St (2,3)",Brooklyn,40.697468,-73.99309,False
336,165403.91666666666,153114.66666666666,-7.429842199423936,"Hoyt St (2,3)","Hoyt St (2,3)",Brooklyn,40.690544,-73.98506,False
337,190342.75,192794.61111111112,1.2881294985551717,"Nevins St (2,3,4,5)","Nevins St (2,3,4,5)",Brooklyn,40.688248,-73.98049,False
339,94206.33333333333,95269.55555555556,1.1286101311895878,"Bergen St (2,3)","Bergen St (2,3)",Brooklyn,40.68083,-73.9751,False
340,145229.25,148446.5,2.2152906525372815,"Grand Army Plaza (2,3)","Grand Army Plaza (2,3)",Brooklyn,40.675236,-73.97105,False
341,99061.66666666667,102085.16666666667,3.0521392398674223,"Eastern Pkwy-Brooklyn Museum (2,3)","Eastern Pkwy-Brooklyn Museum (2,3)",Brooklyn,40.671986,-73.96438,False
343,68532.16666666667,69864.94444444444,1.9447477624051475,Nostrand Av (3),Nostrand Av (3),Brooklyn,40.669846,-73.95046,False
344,83023.66666666667,85264.0,2.698427356055095,Kingston Av (3),Kingston Av (3),Brooklyn,40.6694,-73.94216,False
345,444109.3333333333,452520.94444444444,1.8940406066173925,"Crown Hts-Utica Av (3,4)","Crown Hts-Utica Av (3,4)",Brooklyn,40.668896,-73.932945,False
346,107399.83333333333,115977.94444444444,7.987080468260606,Sutter Av-Rutland Rd (3),Sutter Av-Rutland Rd (3),Brooklyn,40.66472,-73.92261,False
347,79221.83333333333,90091.27777777778,13.720263703959287,Saratoga Av (3),Saratoga Av (3),Brooklyn,40.661453,-73.91633,False
348,80514.33333333333,82463.16666666667,2.4204799973503803,Rockaway Av (3),Rockaway Av (3),Brooklyn,40.662548,-73.90894,False
349,42940.5,47356.72222222222,10.284515136577866,Junius St (3),Junius St (3),Brooklyn,40.663513,-73.90245,False
350,66262.5,66461.61111111111,0.3004883774549851,Pennsylvania Av (3),Pennsylvania Av (3),Brooklyn,40.664635,-73.8949,False
351,40724.583333333336,43144.11111111111,5.941197133863306,Van Siclen Av (3),Van Siclen Av (3),Brooklyn,40.665447,-73.8894,False
352,89485.41666666667,96513.55555555556,7.8539488898718774,New Lots Av (3),New Lots Av (3),Brooklyn,40.666237,-73.88408,False
353,63553.833333333336,69000.16666666667,8.569637813612086,"President St-Medgar Evers College (2,5)","President St-Medgar Evers College (2,5)",Brooklyn,40.667885,-73.95068,False
354,106156.08333333333,111610.88888888889,5.13847665086447,"Sterling St (2,5)","Sterling St (2,5)",Brooklyn,40.662743,-73.95085,False
355,140131.25,154768.33333333334,10.445267085916484,"Winthrop St (2,5)","Winthrop St (2,5)",Brooklyn,40.65665,-73.9502,False
356,160769.0,184215.83333333334,14.58417563916759,"Church Av (2,5)","Church Av (2,5)",Brooklyn,40.650845,-73.94958,False
357,82457.83333333333,92299.83333333333,11.93579748841327,"Beverly Rd (2,5)","Beverly Rd (2,5)",Brooklyn,40.6451,-73.94896,False
358,123977.33333333333,133557.88888888888,7.727667064588861,"Newkirk Av-Little Haiti (2,5)","Newkirk Av-Little Haiti (2,5)",Brooklyn,40.63997,-73.94841,False
359,323715.6666666667,351144.55555555556,8.473142239708986,"Flatbush Av-Brooklyn College (2,5)","Flatbush Av-Brooklyn College (2,5)",Brooklyn,40.632835,-73.94764,False
360,102406.83333333333,107208.33333333333,4.688651961701774,Pelham Bay Park (6),Pelham Bay Park (6),Bronx,40.852463,-73.82812,False
361,64397.583333333336,66158.16666666667,2.733927644800339,Buhre Av (6),Buhre Av (6),Bronx,40.84681,-73.832565,False
362,35155.166666666664,35660.166666666664,1.4364887095780137,Middletown Rd (6),Middletown Rd (6),Bronx,40.843864,-73.83632,False
363,60595.166666666664,82954.05555555556,36.89879922582753,Westchester Sq-E Tremont Av (6),Westchester Sq-E Tremont Av (6),Bronx,40.839893,-73.84295,False
364,40795.75,42450.444444444445,4.056046143150806,Zerega Av (6),Zerega Av (6),Bronx,40.836487,-73.84704,False
365,95132.75,106540.16666666667,11.991051101399542,Castle Hill Av (6),Castle Hill Av (6),Bronx,40.834255,-73.85122,False
366,232529.25,238690.66666666666,2.649738330410758,Parkchester (6),Parkchester (6),Bronx,40.833225,-73.86082,False
367,61544.666666666664,76673.61111111111,24.582056031572375,St Lawrence Av (6),St Lawrence Av (6),Bronx,40.83151,-73.867615,False
368,90023.5,111863.05555555556,24.259838326165458,Morrison Av-Soundview (6),Morrison Av-Soundview (6),Bronx,40.82952,-73.87452,False
369,94016.41666666667,115457.94444444444,22.806152944329153,Elder Av (6),Elder Av (6),Bronx,40.828583,-73.87916,False
370,30628.5,32384.055555555555,5.731771244284097,Whitlock Av (6),Whitlock Av (6),Bronx,40.826527,-73.886284,False
371,163926.08333333334,188844.22222222222,15.20083831821896,Hunts Point Av (6),Hunts Point Av (6),Bronx,40.82095,-73.89055,False
372,57130.166666666664,56120.555555555555,-1.7672119127567332,Longwood Av (6),Longwood Av (6),Bronx,40.816105,-73.89644,False
373,79095.0,83691.83333333333,5.811787512906414,E 149 St (6),E 149 St (6),Bronx,40.81212,-73.9041,False
374,22854.25,35412.944444444445,54.95124296113172,E 143 St-St Mary's St (6),E 143 St-St Mary's St (6),Bronx,40.80872,-73.90765,False
375,50409.75,52415.055555555555,3.978011308438456,Cypress Av (6),Cypress Av (6),Bronx,40.805367,-73.91404,False
376,89357.33333333333,91593.66666666667,2.502685845593732,Brook Av (6),Brook Av (6),Bronx,40.807568,-73.91924,False
377,138989.08333333334,160295.88888888888,15.329841052664591,3 Av-138 St (6),3 Av-138 St (6),Bronx,40.810474,-73.92614,False
378,112442.66666666667,118461.875,5.353135523881796,Woodlawn (4),Woodlawn (4),Bronx,40.886036,-73.87875,False
379,122697.83333333333,126210.94444444444,2.8632217991714954,Mosholu Pkwy (4),Mosholu Pkwy (4),Bronx,40.87975,-73.88466,False
380,91450.16666666667,91427.1875,-0.025127528471795953,Bedford Park Blvd-Lehman College (4),Bedford Park Blvd-Lehman College (4),Bronx,40.873413,-73.89006,False
381,140386.25,155163.70588235295,10.526284363570472,Kingsbridge Rd (4),Kingsbridge Rd (4),Bronx,40.86776,-73.89717,False
382,158178.58333333334,173227.77777777778,9.51405312104163,Fordham Rd (4),Fordham Rd (4),Bronx,40.862804,-73.90103,False
383,90195.5,86397.05555555556,-4.211345848123729,183 St (4),183 St (4),Bronx,40.858406,-73.90388,False
384,166925.33333333334,145211.38888888888,-13.008177974450334,Burnside Av (4),Burnside Av (4),Bronx,40.853455,-73.907684,False
385,89752.16666666667,94978.82352941176,5.823432521864939,176 St (4),176 St (4),Bronx,40.84848,-73.9118,False
386,79281.33333333333,77661.5,-2.0431459275827795,Mt Eden Av (4),Mt Eden Av (4),Bronx,40.844433,-73.91469,False
387,119818.41666666667,123690.05882352941,3.231257985684789,170 St (4),170 St (4),Bronx,40.840076,-73.91779,False
388,144240.58333333334,159595.88235294117,10.645616278549321,167 St (4),167 St (4),Bronx,40.835537,-73.9214,False
391,69293.75,77313.72222222222,11.57387530942144,"138 St-Grand Concourse (4,5)","138 St-Grand Concourse (4,5)",Bronx,40.813225,-73.92985,False
392,466272.5833333333,483523.22222222225,3.6996897320374154,"125 St (4,5,6)","125 St (4,5,6)",Manhattan,40.80414,-73.93759,False
393,230950.41666666666,260970.0,12.998280655479807,116 St (6),116 St (6),Manhattan,40.79863,-73.94162,False
394,172742.0,202243.44444444444,17.078327473599032,110 St (6),110 St (6),Manhattan,40.79502,-73.94425,False
395,209503.41666666666,245283.5,17.07852019915348,103 St (6),103 St (6),Manhattan,40.7906,-73.94748,False
396,322819.4166666667,340269.1111111111,5.405404242602437,96 St (6),96 St (6),Manhattan,40.78567,-73.95107,False
397,924449.75,926226.2777777778,0.19217137305491747,"86 St (4,5,6)","86 St (4,5,6)",Manhattan,40.77949,-73.95559,False
398,536365.1666666666,561472.2222222222,4.680963104220157,77 St (6),77 St (6),Manhattan,40.77362,-73.95988,False
399,436186.1666666667,461111.5,5.714379601676191,68 St-Hunter College (6),68 St-Hunter College (6),Manhattan,40.768143,-73.96387,False
403,516132.25,549376.5555555555,6.441044045504908,33 St (6),33 St (6),Manhattan,40.746082,-73.98208,True
404,387118.5,406024.94444444444,4.883890706448914,28 St (6),28 St (6),Manhattan,40.74307,-73.98426,True
405,470771.25,513045.5,8.979785830166986,23 St-Baruch College (6),23 St-Baruch College (6),Manhattan,40.739864,-73.9866,True
407,339215.25,343853.27777777775,1.3672816236232752,Astor Pl (6),Astor Pl (6),Manhattan,40.730053,-73.99107,True
409,269134.0,283863.55555555556,5.4729449105484855,Spring St (6),Spring St (6),Manhattan,40.7223,-73.99714,True
413,303018.75,321328.6111111111,6.042484536389621,"Wall St (4,5)","Wall St (4,5)",Manhattan,40.707558,-74.01186,True
414,428416.5833333333,434185.1666666667,1.346489271832196,"Bowling Green (4,5)","Bowling Green (4,5)",Manhattan,40.70482,-74.01407,True
416,72839.41666666667,78578.66666666667,7.879319004247928,Wakefield-241 St (2),Wakefield-241 St (2),Bronx,40.903126,-73.85062,False
417,44188.916666666664,48925.055555555555,10.717933921339002,"Nereid Av (2,5)","Nereid Av (2,5)",Bronx,40.89838,-73.85438,False
418,61190.416666666664,65470.72222222222,6.995058685206243,"233 St (2,5)","233 St (2,5)",Bronx,40.893192,-73.857475,False
419,47412.833333333336,52607.72222222222,10.956714719760576,"225 St (2,5)","225 St (2,5)",Bronx,40.888023,-73.860344,False
420,37227.416666666664,48316.61111111111,29.787708730199597,"219 St (2,5)","219 St (2,5)",Bronx,40.883896,-73.86263,False
421,105709.08333333333,107502.72222222222,1.6967689363391734,"Gun Hill Rd (2,5)","Gun Hill Rd (2,5)",Bronx,40.87785,-73.86626,False
422,41432.666666666664,44716.22222222222,7.925040359995064,"Burke Av (2,5)","Burke Av (2,5)",Bronx,40.871357,-73.867165,False
423,67961.58333333333,73695.72222222222,8.4373238639313,"Allerton Av (2,5)","Allerton Av (2,5)",Bronx,40.865463,-73.867355,False
424,127351.41666666667,129392.22222222222,1.6024992960205633,"Pelham Pkwy (2,5)","Pelham Pkwy (2,5)",Bronx,40.857193,-73.867615,False
425,36620.166666666664,41626.166666666664,13.67006339858275,"Bronx Park East (2,5)","Bronx Park East (2,5)",Bronx,40.848827,-73.868454,False
426,148781.08333333334,160211.77777777778,7.682895021563183,"E 180 St (2,5)","E 180 St (2,5)",Bronx,40.841892,-73.87349,False
427,84314.08333333333,104089.27777777778,23.45420084360496,"West Farms Sq-E Tremont Av (2,5)","West Farms Sq-E Tremont Av (2,5)",Bronx,40.840294,-73.88005,False
428,89266.08333333333,114226.83333333333,27.96218795305795,"174 St (2,5)","174 St (2,5)",Bronx,40.837288,-73.88773,False
429,68825.5,78005.83333333333,13.338563952798497,"Freeman St (2,5)","Freeman St (2,5)",Bronx,40.829994,-73.89187,False
430,117696.91666666667,136798.83333333334,16.22975113338427,"Simpson St (2,5)","Simpson St (2,5)",Bronx,40.824074,-73.89307,False
431,45453.833333333336,58006.944444444445,27.617277115119244,"Intervale Av (2,5)","Intervale Av (2,5)",Bronx,40.82218,-73.896736,False
432,102136.75,112054.05555555556,9.709830747067596,"Prospect Av (2,5)","Prospect Av (2,5)",Bronx,40.819584,-73.90177,False
433,79704.75,95396.11111111111,19.686858199933013,"Jackson Av (2,5)","Jackson Av (2,5)",Bronx,40.81649,-73.90781,False
434,317817.5,353590.72222222225,11.255900704719611,"3 Av-149 St (2,5)","3 Av-149 St (2,5)",Bronx,40.81611,-73.917755,False
436,58043.75,58310.38888888889,0.45937571037172914,Harlem-148 St (3),Harlem-148 St (3),Manhattan,40.82388,-73.93647,False
437,51588.5,57251.333333333336,10.976929612865922,145 St (3),145 St (3),Manhattan,40.82042,-73.93625,False
438,193605.41666666666,224441.33333333334,15.927197284855591,"135 St (2,3)","135 St (2,3)",Manhattan,40.814228,-73.94077,False
439,257376.41666666666,285029.6666666667,10.744282773900885,"125 St (2,3)","125 St (2,3)",Manhattan,40.807755,-73.945496,False
440,166736.58333333334,187715.66666666666,12.582171778938722,"116 St (2,3)","116 St (2,3)",Manhattan,40.802097,-73.94962,False
441,132111.75,151184.05555555556,14.436494524942379,"110 St-Malcolm X Plaza (2,3)","110 St-Malcolm X Plaza (2,3)",Manhattan,40.799076,-73.95182,False
442,62684.5,71661.5,14.320924630490792,Eastchester-Dyre Av (5),Eastchester-Dyre Av (5),Bronx,40.8883,-73.83083,False
443,44849.583333333336,48366.72222222222,7.842077066243015,Baychester Av (5),Baychester Av (5),Bronx,40.878662,-73.83859,False
444,70098.58333333333,72017.72222222222,2.7377712895608552,Gun Hill Rd (5),Gun Hill Rd (5),Bronx,40.869526,-73.84638,False
445,48716.25,52851.166666666664,8.487756480982556,Pelham Pkwy (5),Pelham Pkwy (5),Bronx,40.858986,-73.85536,False
446,44405.833333333336,47498.333333333336,6.964175127141704,Morris Park (5),Morris Park (5),Bronx,40.854362,-73.8605,False
447,1233600.5833333333,1255688.7777777778,1.7905466925736697,Flushing-Main St (7),Flushing-Main St (7),Queens,40.7596,-73.83003,False
448,168763.91666666666,201150.5,19.19046676150659,Mets-Willets Point (7),Mets-Willets Point (7),Queens,40.754623,-73.84563,False
449,185570.25,302464.0,62.99164332644914,111 St (7),111 St (7),Queens,40.75173,-73.85533,False
450,522953.0833333333,439134.1666666667,-16.027999324987242,103 St-Corona Plaza (7),103 St-Corona Plaza (7),Queens,40.749866,-73.8627,False
451,546171.8333333334,556282.2777777778,1.8511471715301524,Junction Blvd (7),Junction Blvd (7),Queens,40.749146,-73.86953,False
452,396230.6666666667,382532.44444444444,-3.4571332747815866,90 St-Elmhurst Av (7),90 St-Elmhurst Av (7),Queens,40.74841,-73.87661,False
453,207383.25,311879.8333333333,50.388150119806355,82 St-Jackson Hts (7),82 St-Jackson Hts (7),Queens,40.747658,-73.8837,False
455,122179.66666666667,78727.27777777778,-35.56433740111329,69 St (7),69 St (7),Queens,40.746326,-73.8964,False
456,327173.5,351025.27777777775,7.290253574258841,61 St-Woodside (7),61 St-Woodside (7),Queens,40.74563,-73.902985,False
457,126824.33333333333,92121.38888888889,-27.363001667222985,52 St (7),52 St (7),Queens,40.74415,-73.91255,False
458,244233.5,289944.77777777775,18.716219428447676,46 St-Bliss St (7),46 St-Bliss St (7),Queens,40.743134,-73.918434,False
459,187233.83333333334,211023.44444444444,12.70582922305411,40 St-Lowery St (7),40 St-Lowery St (7),Queens,40.743782,-73.92402,False
460,145645.66666666666,181722.55555555556,24.77031395067635,33 St-Rawson St (7),33 St-Rawson St (7),Queens,40.744587,-73.931,False
461,265505.4166666667,302597.05555555556,13.970200440564348,"Queensboro Plaza (7,N,W)","Queensboro Plaza (7,N,W)",Queens,40.750584,-73.9402,False
463,87494.25,86874.22222222222,-0.7086497430148622,Hunters Point Av (7),Hunters Point Av (7),Queens,40.742214,-73.94891,False
464,328341.9166666667,376374.55555555556,14.628847689176311,Vernon Blvd-Jackson Av (7),Vernon Blvd-Jackson Av (7),Queens,40.742626,-73.95358,False
471,521307.0,580746.4444444445,11.402003894911156,34 St-Hudson Yards (7),34 St-Hudson Yards (7),Manhattan,40.755882,-74.00191,True
475,344706.0833333333,374221.1111111111,8.562375079768048,96 St (Q),96 St (Q),Manhattan,40.784317,-73.94715,False
476,484369.25,539256.3333333334,11.331661399507373,86 St (Q),86 St (Q),Manhattan,40.77789,-73.95179,False
477,592386.25,632540.4444444445,6.778380565795458,72 St (Q),72 St (Q),Manhattan,40.7688,-73.95843,False
601,888186.4166666666,981282.2777777778,10.481567761472498,"14 St/6 Av (1,2,3,L,F,M)","14 St/6 Av (1,2,3,L,F,M)",Manhattan,40.737797,-73.997734,True
602,1923421.5,2052316.0,6.701313258690308,"14 St-Union Sq (4,5,6,L,N,Q,R,W)","14 St-Union Sq (4,5,6,L,N,Q,R,W)",Manhattan,40.735065,-73.99042,True
603,182151.16666666666,212646.27777777778,16.741650173955037,"149 St-Grand Concourse (2,4,5)","149 St-Hostos (2,4,5)",Bronx,40.818394,-73.92703,False
604,515105.0833333333,522980.3333333333,1.5288628000014883,"161 St-Yankee Stadium (4,B,D)","161 St-Yankee Stadium (4,B,D)",Bronx,40.82795,-73.92574,False
605,448436.3333333333,450114.6666666667,0.37426345917555864,"168 St-Washington Hts (1,A,C)","168 St-Washington Hts (1,A,C)",Manhattan,40.840637,-73.93985,False
606,509607.5,556087.2777777778,9.120701280451673,"Court Sq-23 St (7,E,F,G)","Court Sq-23 St (7,E,F,G)",Queens,40.747143,-73.94503,False
607,2099012.5833333335,2217771.8333333335,5.657862699012721,"34 St-Herald Sq (B,D,F,M,N,Q,R,W)","34 St-Herald Sq (B,D,F,M,N,Q,R,W)",Manhattan,40.74964,-73.987885,True
608,246818.66666666666,269228.1666666667,9.079337597372442,"4 Av-9 St (F,G,R)","4 Av-9 St (F,G,R)",Brooklyn,40.67056,-73.989044,False
609,1004100.8333333334,1106687.2222222222,10.216741733828744,"42 St-Bryant Pk/5 Av (7,B,D,F,M)","42 St-Bryant Pk/5 Av (7,B,D,F,M)",Manhattan,40.75402,-73.98327,True
610,2850345.8333333335,3067956.111111111,7.634521931792867,"Grand Central-42 St (4,5,6,7,S)","Grand Central-42 St (4,5,6,7,S)",Manhattan,40.75199,-73.977356,True
611,3848923.1666666665,4052251.6666666665,5.282737305875899,"Times Sq-42 St/Port Authority Bus Terminal (1,2,3,7,A,C,E,N,Q,R,W,S)","Times Sq-42 St/Port Authority Bus Terminal (1,2,3,7,A,C,E,N,Q,R,W,S)",Manhattan,40.755745,-73.98758,True
612,1047452.5,1159255.111111111,10.67376431018218,"Lexington Av/51-53 Sts (6,E,F)","Lexington Av/51-53 Sts (6,E,F)",Manhattan,40.757328,-73.97049,True
613,995522.1666666666,1007824.1111111111,1.2357278277022625,"Lexington Av/59 St (4,5,6,N,R,W)","Lexington Av/59 St (4,5,6,N,R,W)",Manhattan,40.762592,-73.96761,True
614,1417949.6666666667,1458709.111111111,2.874533941692166,"59 St-Columbus Circle (1,A,C,B,D)","59 St-Columbus Circle (1,A,C,B,D)",Manhattan,40.768272,-73.981834,True
615,96952.83333333333,101911.72222222222,5.114743652554996,"62 St/New Utrecht Av (D,N)","62 St/New Utrecht Av (D,N)",Brooklyn,40.625656,-73.99663,False
616,1253688.25,1252873.7222222222,-0.06497052020530238,"Jackson Hts-Roosevelt Av/74 St-Broadway (7,E,F,M,R)","Jackson Hts-Roosevelt Av/74 St-Broadway (7,E,F,M,R)",Queens,40.746746,-73.891365,False
617,877770.0833333334,940005.2777777778,7.090147594015295,"Atlantic Av-Barclays Ctr (2,3,4,5,B,D,N,Q,R)","Atlantic Av-Barclays Ctr (2,3,4,5,B,D,N,Q,R)",Brooklyn,40.684162,-73.97779,False
618,983219.1666666666,1028141.4444444445,4.568897688403946,"14 St/8 Av (A,C,E,L)","14 St/8 Av (A,C,E,L)",Manhattan,40.740334,-74.00214,True
619,839310.5,917949.1111111111,9.369430158577918,"Broadway-Lafayette St/Bleecker St (6,B,D,F,M)","Broadway-Lafayette St/Bleecker St (6,B,D,F,M)",Manhattan,40.725605,-73.99543,True
620,538463.0833333334,551956.6666666666,2.505944000803507,"Borough Hall/Court St (2,3,4,5,R)","Borough Hall/Court St (2,3,4,5,R)",Brooklyn,40.69324,-73.99064,False
621,163667.41666666666,173710.88888888888,6.136512952163999,"Broadway Junction (A,C,J,Z,L)","Broadway Junction (A,C,J,Z,L)",Brooklyn,40.678898,-73.90436,False
622,499957.25,528845.8333333334,5.7782107036818395,"Brooklyn Bridge-City Hall/Chambers St (4,5,6,J,Z)","Brooklyn Bridge-City Hall/Chambers St (4,5,6,J,Z)",Manhattan,40.713154,-74.00377,True
623,927509.0833333334,1024447.6666666666,10.451496926040878,"Canal St (6,J,Z,N,Q,R,W)","Canal St (6,J,Z,N,Q,R,W)",Manhattan,40.7187,-74.00058,True
624,1121274.3333333333,1193000.2777777778,6.396823891546418,"Chambers St/WTC/Park Place/Cortlandt St (2,3,A,C,E,R,W)","Chambers St/WTC/Park Place/Cortlandt St (2,3,A,C,E,R,W)",Manhattan,40.712605,-74.00955,True
625,597791.0,673768.0555555555,12.709635232975321,"Delancey St-Essex St (F,M,J,Z)","Delancey St-Essex St (F,M,J,Z)",Manhattan,40.718464,-73.98778,True
626,293722.5833333333,314095.3888888889,6.9360705344319165,"Franklin Av-Medgar Evers College/Botanic Garden (2,3,4,5,S)","Franklin Av-Medgar Evers College/Botanic Garden (2,3,4,5,S)",Brooklyn,40.670513,-73.95869,False
627,109678.0,116071.88888888889,5.829691359150322,"Franklin Av (C,S)","Franklin Av (C,S)",Brooklyn,40.68099,-73.95634,False
628,1617311.0833333333,1714022.0,5.979734985018605,"Fulton St (2,3,4,5,A,C,J,Z)","Fulton St (2,3,4,5,A,C,J,Z)",Manhattan,40.71009,-74.007835,True
629,348868.5833333333,401408.3333333333,15.060040516689307,"Metropolitan Av/Lorimer St (G,L)","Metropolitan Av/Lorimer St (G,L)",Brooklyn,40.71343,-73.95084,False
630,447696.3333333333,469163.1666666667,4.794954020172909,"Myrtle-Wyckoff Avs (M,L)","Myrtle-Wyckoff Avs (M,L)",Brooklyn,40.699623,-73.91199,False
635,558595.9166666666,588378.4444444445,5.3316766000547275,"Whitehall St-South Ferry (1,R,W)","Whitehall St-South Ferry (1,R,W)",Manhattan,40.702576,-74.01333,True
636,708762.25,715001.2222222222,0.880263053262536,"Jay St-MetroTech (A,C,F,R)","Jay St-MetroTech (A,C,F,R)",Brooklyn,40.69226,-73.98664,False
501,,1.0,,St George (SIR),St George (SIR),Staten Island,40.64375,-74.07365,False
502,,1.0,,Tompkinsville (SIR),Tompkinsville (SIR),Staten Island,40.636948,-74.07484,False
